Soil texture,Rainfall,SPI,TWI,Distance to river,Aspect,NDVI,Land cover,Profile curvature,Plan curvature,Slope,Altitude,Lithology
7,314,101,4,1440,182,11,5,-1,1,9,2298,5
7,314,1145,3,1494,77,9,5,0,0,17,2281,5
7,314,815,2,1368,210,10,5,0,0,10,2283,5
7,314,750,3,1425,135,10,5,0,0,12,2271,5
7,314,1221,3,1485,103,10,5,1,-1,22,2244,5
7,314,1650,3,1200,256,9,4,0,0,17,2224,5
7,314,394,3,1275,218,9,5,0,0,18,2252,5
6,314,331,3,1336,149,8,5,0,0,12,2259,5
6,314,1438,3,1400,106,10,5,0,0,21,2235,5
7,314,1397,4,1484,177,12,5,0,0,12,2219,5
7,314,3408,3,1074,258,8,5,0,1,11,2199,5
6,314,475,3,1129,186,9,5,0,0,18,2203,5
6,314,2024,3,1209,221,7,5,0,-1,31,2210,5
6,314,268,3,1272,201,8,5,0,0,9,2243,5
6,314,420,4,1336,45,7,5,0,0,13,2239,5
7,314,3321,4,1422,81,13,4,0,0,10,2202,5
7,314,483,4,1490,129,11,5,0,0,6,2190,5
7,314,1315,3,948,217,8,5,0,0,16,2169,5
7,314,919,3,1002,167,8,5,0,0,19,2177,5
6,314,2904,3,1061,181,8,5,0,0,22,2166,5
6,314,4743,3,1145,239,8,5,0,0,25,2186,5
6,314,1896,3,1209,211,8,5,0,0,25,2212,5
6,314,895,3,1273,211,7,5,0,0,14,2235,5
7,314,266,3,1363,72,10,5,0,0,12,2220,5
7,314,157,3,1434,26,11,5,-1,0,7,2209,5
7,314,470,3,1506,29,10,4,0,0,4,2194,5
7,314,1181,3,852,192,8,5,0,0,18,2128,5
7,314,2960,3,912,167,9,5,0,0,24,2122,5
7,314,10268,4,975,203,10,4,0,0,22,2119,5
7,314,2051,3,1060,197,8,5,0,0,20,2147,5
7,314,1894,3,1126,231,8,5,0,0,22,2176,5
7,314,1602,3,1194,211,8,5,0,0,26,2202,5
6,314,251,3,1290,112,10,5,0,0,13,2207,5
6,314,1715,4,1363,137,11,5,0,0,7,2188,5
7,313,1372,4,1434,136,13,5,0,0,17,2175,5
7,313,1638,4,1531,106,11,5,0,0,5,2157,5
6,314,2087,3,708,224,8,5,0,0,19,2069,5
7,314,1659,3,785,186,10,5,0,1,23,2107,5
7,314,4324,3,848,151,10,5,0,0,22,2088,5
7,314,16743,4,912,219,8,4,0,0,28,2088,5
7,314,4374,3,999,208,9,5,0,0,24,2108,5
7,314,2445,3,1068,219,8,5,0,0,23,2145,5
7,314,1932,3,1140,213,8,5,0,0,23,2165,5
6,314,428,2,1236,180,9,5,0,0,17,2192,5
6,314,320,4,1308,145,12,5,0,0,7,2186,5
7,313,1498,4,1381,39,13,4,0,-1,11,2171,5
7,313,1331,4,1481,347,11,4,0,0,13,2172,5
6,314,3933,3,582,212,9,5,0,0,19,2027,5
6,314,7088,4,637,234,8,5,0,0,22,2047,5
9,314,663,3,721,163,10,5,0,0,17,2070,5
9,314,4784,3,785,145,9,5,0,0,21,2053,5
7,314,35324,4,849,215,11,4,-1,1,23,2063,5
7,314,8615,3,942,227,11,5,0,0,26,2082,5
7,314,2741,3,1015,203,8,5,0,0,23,2110,5
7,314,4757,3,1087,209,9,4,0,0,30,2128,5
6,314,2503,3,1182,200,10,5,0,0,25,2158,5
6,313,1251,3,1256,184,9,5,0,0,16,2165,5
7,313,1147,3,1332,230,9,5,0,0,20,2174,5
7,313,75,4,1436,324,10,4,0,0,6,2193,5
7,313,247,3,1516,75,12,4,-1,0,14,2199,5
6,314,10247,4,488,213,9,5,0,0,22,1987,5
6,314,6935,4,551,240,8,5,0,0,25,2012,5
9,314,659,2,636,170,8,5,0,0,20,2035,5
9,314,2672,3,702,123,9,5,0,0,21,2017,5
7,314,24987,4,774,197,10,5,1,-1,23,2003,5
7,314,3221,3,872,229,9,4,0,0,24,2048,5
7,314,7477,3,942,201,10,5,0,0,25,2062,5
7,314,2765,3,1015,199,9,5,0,0,25,2082,5
6,314,5485,3,1116,205,9,5,0,0,31,2098,5
6,313,2442,3,1194,195,8,5,0,0,18,2118,5
7,313,2795,3,1274,222,7,5,0,0,22,2131,5
7,313,1841,3,1381,216,10,5,0,0,25,2159,5
7,313,553,2,1462,208,10,4,0,0,20,2191,5
7,313,227,3,1542,338,13,4,0,0,13,2187,5
7,314,852,2,361,167,8,5,0,0,22,1957,5
6,314,6626,4,424,257,8,5,0,0,27,1970,5
6,314,4009,3,488,233,8,4,0,0,18,1996,5
9,314,1461,3,576,209,8,5,0,0,17,2005,5
9,314,607,3,648,122,9,5,0,0,14,2005,5
7,314,13965,4,722,167,11,5,0,-1,11,1979,5
7,314,1712,3,816,206,10,4,0,0,20,2016,5
6,314,9138,3,890,225,10,5,0,0,20,2024,5
6,314,2180,3,967,185,10,5,0,0,23,2043,5
7,313,7881,4,1073,248,10,5,1,0,26,2059,5
7,313,3220,3,1154,196,9,4,0,0,17,2090,5
7,313,3092,3,1234,211,9,5,0,0,23,2104,5
7,313,2404,3,1341,227,9,5,0,0,17,2137,5
7,313,1914,3,1422,210,8,5,0,0,24,2153,5
7,313,607,2,1502,218,9,5,0,0,25,2188,5
7,313,433,3,1609,279,10,4,0,1,11,2215,5
7,314,547,3,216,193,9,5,0,1,16,1929,5
7,314,6252,4,296,207,8,5,0,0,10,1927,5
7,314,749,2,361,259,9,4,-2,0,29,1972,5
7,314,714,3,426,211,8,5,0,0,14,1983,5
9,314,3275,4,524,181,10,5,0,0,19,1972,5
9,314,754,3,595,177,9,5,0,0,19,1983,5
7,314,4894,3,666,152,10,5,0,0,18,1960,5
7,314,5873,3,766,210,12,5,0,0,22,1978,5
6,314,3549,3,845,198,9,4,0,0,23,1997,5
6,314,8159,4,926,210,10,5,0,0,21,2007,5
7,313,2367,3,1033,212,9,4,0,0,21,2040,5
7,313,3029,3,1113,212,10,5,0,0,13,2065,5
7,313,3839,3,1194,241,10,4,0,0,14,2082,5
7,313,1897,3,1301,193,8,5,0,0,27,2109,5
7,313,3876,3,1381,207,8,5,0,0,24,2119,5
7,313,6286,3,1462,257,8,5,0,0,31,2152,5
7,313,680,3,1571,200,6,2,0,0,20,2198,5
7,313,571,2,1654,193,9,5,-1,1,22,2213,5
7,315,2157,3,67,200,10,5,0,0,15,1874,5
7,314,6909,4,127,213,9,5,0,0,21,1889,5
7,314,2367,4,212,238,7,4,0,0,11,1913,5
7,314,1234,3,283,198,5,5,0,0,20,1929,5
7,314,2033,3,361,187,7,5,0,0,23,1931,5
9,314,1167,3,450,160,8,5,0,0,19,1945,5
9,314,3158,3,524,170,9,5,0,0,22,1935,5
7,314,27153,4,603,177,11,5,0,0,22,1919,5
7,314,9453,4,711,207,12,4,0,0,14,1936,5
6,314,27072,4,792,235,11,5,0,0,14,1951,5
6,313,16010,4,872,259,9,4,0,0,18,1985,5
7,313,1815,3,979,252,10,4,0,1,14,2019,5
7,313,4289,3,1060,182,8,5,0,0,23,2037,5
7,313,5154,3,1140,191,10,5,0,0,27,2038,5
7,313,14726,4,1248,227,9,4,0,0,19,2061,5
7,313,1366,2,1331,242,8,4,0,1,27,2095,5
7,313,1619,3,1415,239,9,4,3,-3,39,2116,5
7,313,579,2,1527,145,9,5,0,0,25,2158,5
7,313,3086,3,1612,206,10,5,0,-1,24,2147,5
7,313,798,2,1698,195,11,5,0,0,17,2166,5
7,314,1618,4,0,245,10,5,0,0,2,1862,5
7,314,18686,4,67,255,9,5,1,0,19,1869,5
7,314,836,3,161,177,10,5,1,0,12,1888,5
7,314,1328,3,234,214,6,5,0,0,9,1899,5
7,314,2368,3,300,172,8,5,0,0,7,1899,5
6,314,2718,3,402,238,7,5,0,0,11,1916,5
6,314,7814,4,483,117,11,5,0,0,19,1906,5
7,314,44367,5,563,198,10,5,-1,0,11,1900,5
7,314,34548,4,670,252,12,4,0,0,19,1934,5
6,314,1679,3,751,261,10,4,0,0,14,1956,5
6,313,3659,3,831,254,9,5,0,0,19,1983,5
7,313,2177,3,939,194,10,5,-1,0,15,2001,5
7,313,2325,3,1020,203,10,5,-1,0,12,2010,5
7,313,2940,4,1103,197,9,5,-1,0,13,2010,5
7,313,14741,4,1214,255,9,4,-1,0,25,2052,5
7,313,2827,3,1299,255,9,5,0,0,18,2083,5
7,313,1859,3,1385,259,10,5,1,0,31,2110,5
7,313,423,3,1499,114,10,5,0,0,20,2135,5
7,313,4522,3,1584,223,9,5,0,0,20,2124,5
7,312,1236,3,1669,200,9,5,-1,0,14,2144,5
7,312,38,3,1784,151,8,5,-1,0,19,2144,5
7,314,1141,3,108,126,7,5,0,0,10,1858,5
7,314,3360,4,42,257,7,5,0,0,6,1854,5
7,314,645,4,30,246,7,2,0,0,11,1868,5
7,314,1460,3,108,190,10,4,0,0,14,1869,5
7,314,785,3,174,193,9,5,0,1,16,1885,5
7,314,1809,3,256,175,8,5,0,0,16,1881,5
6,314,2084,3,362,205,8,5,0,0,23,1891,5
6,314,1345,3,442,148,10,5,-1,1,23,1888,5
7,314,15109,5,523,306,16,4,1,0,10,1881,5
7,314,1696,3,630,245,9,4,0,1,18,1926,5
6,313,2208,3,711,191,9,5,0,0,24,1933,5
6,313,3006,3,792,210,9,5,0,0,28,1946,5
7,313,3637,3,902,198,11,5,0,0,18,1961,5
7,313,1999,4,986,265,12,4,0,-1,9,1974,5
7,313,19770,4,1072,288,9,4,0,0,15,1992,5
7,313,5993,3,1186,254,9,4,-1,0,25,2039,5
7,313,2156,3,1271,263,10,4,0,0,22,2072,5
7,313,713,2,1356,272,9,4,0,0,22,2108,5
7,313,392,2,1471,95,10,5,0,0,21,2119,5
7,313,5263,4,1557,148,10,5,0,0,11,2094,5
7,312,2180,3,1644,198,9,5,0,0,23,2103,5
7,312,944,3,1760,168,9,5,0,0,22,2109,5
7,315,672,2,276,125,9,5,0,1,26,1895,5
7,314,1778,3,174,133,7,5,0,0,10,1838,5
7,314,399,4,108,287,8,4,0,0,12,1859,5
7,314,224,4,42,84,7,5,0,0,7,1863,5
7,314,6701,4,42,232,9,5,0,0,14,1840,5
7,314,667,3,123,174,12,4,0,0,10,1850,5
7,314,6141,4,201,225,11,5,0,0,14,1849,5
7,314,165,3,308,152,9,5,0,0,16,1871,5
7,314,79423,5,390,150,12,5,0,-1,10,1850,5
7,314,748,3,469,203,10,5,0,0,20,1863,5
7,313,2681,3,579,209,11,5,0,0,22,1885,5
7,313,9320,4,664,213,10,5,0,0,17,1891,5
7,313,4885,4,750,229,9,5,0,0,17,1915,5
7,313,2733,3,863,228,9,5,0,0,16,1939,5
7,313,4850,3,948,238,9,5,0,0,20,1962,5
7,313,5427,3,1034,231,8,5,0,0,17,1985,5
7,313,4579,3,1149,260,9,4,0,0,27,2020,5
7,313,977,2,1236,274,9,4,-1,1,25,2076,5
7,313,458,2,1324,229,13,4,0,0,17,2105,5
7,313,797,3,1441,127,10,5,0,0,19,2092,5
7,312,1433,3,1529,135,10,5,0,0,16,2074,5
7,312,9576,4,1618,200,9,5,0,0,12,2055,5
7,312,1074,3,1736,227,9,4,0,0,15,2082,5
7,312,1124,3,1824,136,8,5,0,0,18,2063,5
7,312,1294,3,1913,118,11,5,1,0,10,2040,5
7,315,1354,2,402,158,11,5,0,0,27,1860,5
7,314,1699,2,324,163,9,5,0,0,28,1851,5
7,314,1050,3,234,173,8,5,0,0,2,1831,5
7,314,214,3,161,257,8,4,0,-1,12,1860,5
7,314,311,3,84,97,8,5,0,0,17,1852,5
7,314,9303,4,0,130,7,5,0,0,4,1823,5
7,314,2950,4,84,186,13,4,0,0,9,1827,5
7,314,6635,4,161,222,12,4,0,0,13,1835,5
7,314,427,3,268,133,10,5,0,0,15,1845,5
7,314,69573,5,351,183,11,5,0,0,12,1831,5
7,314,15843,5,436,247,11,4,0,0,9,1847,5
7,313,68539,5,551,309,10,4,0,0,16,1875,5
7,313,52537,5,635,339,10,4,0,0,17,1896,5
7,313,47478,5,721,313,11,4,0,0,12,1900,5
7,313,8298,4,836,261,10,4,0,0,16,1920,5
7,313,9604,4,924,251,8,5,0,0,21,1949,5
7,313,4311,3,1012,283,8,4,0,1,25,1992,5
7,313,2724,3,1129,284,12,4,0,0,20,2035,5
7,313,737,3,1218,228,12,4,0,0,17,2061,5
7,313,1240,3,1306,232,12,4,0,0,16,2085,5
7,313,623,3,1425,87,9,5,0,0,18,2083,5
7,312,3591,4,1514,110,11,5,0,0,15,2052,5
7,312,8612,4,1603,215,9,5,0,-1,13,2035,5
7,312,299,3,1722,160,9,5,0,0,21,2059,5
7,312,2700,3,1812,145,10,5,0,-1,24,2025,5
7,312,1565,3,1901,167,11,5,0,0,23,2017,5
7,315,584,2,524,162,12,5,0,0,20,1855,5
7,315,2124,3,450,144,12,5,0,0,22,1826,5
7,314,2884,3,381,225,11,4,0,0,8,1820,5
7,314,2406,2,283,327,11,4,2,0,41,1850,5
7,314,479,2,201,35,10,4,0,1,20,1890,5
7,314,1052,2,123,85,9,5,0,0,24,1850,5
7,314,1805,3,30,125,7,5,0,0,18,1819,5
7,314,12580,4,42,206,11,5,0,0,11,1809,5
7,314,1027,4,123,221,14,4,0,0,9,1817,5
7,314,426,3,241,147,13,4,0,0,15,1832,5
7,314,12755,4,323,284,10,4,1,0,14,1825,5
7,314,4676,4,408,301,14,4,0,0,12,1852,5
7,313,15571,4,523,258,7,5,0,0,18,1866,5
7,313,965,4,611,239,9,5,0,0,16,1896,5
7,313,494,3,700,296,9,4,0,1,13,1921,5
7,313,1749,3,818,336,9,4,0,-1,13,1924,5
7,313,2357,3,907,265,8,4,0,0,18,1946,5
7,313,1149,3,997,243,8,5,0,0,26,1984,5
7,313,3650,3,1116,219,11,4,0,0,19,2021,5
7,313,1733,3,1205,266,13,4,0,0,23,2053,5
7,313,482,3,1295,243,13,4,0,0,1,2079,5
7,312,407,3,1415,132,13,4,0,0,14,2076,5
7,312,1482,3,1504,77,11,4,0,0,18,2049,5
7,312,2760,4,1594,152,9,5,0,-1,5,2021,5
7,312,1068,3,1714,166,9,5,0,0,17,2029,5
7,312,974,3,1803,114,10,5,0,1,21,2006,5
7,312,4226,3,1893,157,11,5,0,0,18,1981,5
7,312,2241,3,2013,154,10,5,0,0,14,1971,5
7,315,1049,2,524,123,11,5,0,0,23,1807,5
7,314,3190,3,450,262,13,5,0,0,12,1800,5
7,314,2439,2,381,275,12,4,0,-1,38,1850,5
7,314,801,3,296,270,12,4,0,0,21,1908,5
7,314,1589,2,241,98,12,5,1,0,37,1883,5
9,314,1683,2,174,95,8,5,0,0,25,1840,5
9,314,2402,3,60,102,8,5,0,0,13,1798,5
7,314,2144,5,0,270,13,4,0,0,7,1797,5
7,314,533,5,90,212,12,4,0,0,4,1805,5
7,314,82057,5,210,294,8,4,1,0,18,1812,5
7,314,3665,3,300,308,9,4,0,0,13,1842,5
7,313,4306,3,390,306,8,4,0,0,11,1858,5
7,313,3568,3,510,280,9,4,0,0,14,1883,5
7,313,1377,3,600,337,9,4,0,0,13,1902,5
7,313,8891,4,690,267,9,4,0,0,10,1908,5
7,313,1134,3,810,265,7,2,0,0,12,1953,5
7,313,867,3,900,340,10,4,0,0,14,1960,5
7,313,15251,4,990,304,8,4,0,0,18,1973,5
7,313,4223,3,1110,286,10,4,0,0,20,2014,5
7,313,1859,3,1200,276,9,4,-1,0,24,2050,5
7,313,323,3,1290,163,8,5,0,0,4,2066,5
7,312,1661,4,1410,150,13,4,0,0,9,2049,5
7,312,255,3,1500,143,10,5,0,1,11,2054,5
7,312,641,3,1590,91,12,4,0,0,23,2026,5
7,312,9648,4,1710,150,9,5,0,0,12,1993,5
7,312,897,4,1800,125,11,5,0,0,11,1982,5
7,312,479,4,1890,343,10,4,0,0,5,1973,5
7,312,684,3,2010,58,11,4,0,0,18,1960,5
7,312,15795,4,2100,80,10,4,0,0,5,1937,5
7,315,806,2,582,177,12,4,0,0,23,1806,5
7,315,1381,2,483,152,10,5,0,0,13,1787,5
7,314,1771,3,402,268,13,4,0,0,19,1800,5
7,314,2054,2,324,239,12,4,0,0,33,1836,5
7,314,1163,2,234,201,11,4,0,1,20,1898,5
7,314,2394,2,169,104,11,5,-2,2,38,1878,5
9,314,2669,2,123,120,9,5,0,0,30,1814,5
9,314,1231,4,60,180,10,5,0,0,8,1787,5
7,314,24387,5,30,315,13,4,0,0,13,1800,5
7,314,37146,5,94,336,9,4,0,0,14,1812,5
7,314,10533,4,212,316,9,4,0,0,18,1835,5
7,313,2211,3,301,333,11,4,0,0,13,1852,5
7,313,1296,3,391,303,8,2,0,0,18,1879,5
7,313,5616,3,510,340,7,4,0,0,24,1895,5
7,313,1284,3,600,331,5,2,0,0,19,1918,5
7,313,2540,3,690,347,8,4,1,0,27,1927,5
7,313,10179,3,810,312,9,4,1,-1,23,1949,5
7,313,1070,2,900,298,5,4,0,1,24,2000,5
7,313,1588,3,990,5,7,4,0,0,22,2007,5
7,313,3050,3,1110,325,6,4,0,0,29,2029,5
7,313,702,3,1200,285,6,4,-1,0,19,2058,5
7,312,199,3,1290,135,12,5,0,0,12,2054,5
7,312,380,3,1410,122,9,5,0,0,17,2039,5
7,312,1127,3,1500,173,9,5,0,0,18,2022,5
7,312,424,3,1590,133,10,5,0,1,21,2020,5
7,312,7025,4,1710,20,13,5,0,0,8,1988,5
7,312,708,4,1800,33,13,4,0,0,11,1983,5
7,312,2362,4,1890,346,11,4,0,0,12,1979,5
7,312,672,3,2010,66,10,5,0,0,18,1967,5
7,312,2914,4,2100,21,10,4,0,0,9,1958,5
7,315,409,3,573,194,12,4,0,1,14,1784,5
7,315,1607,3,510,158,12,5,0,0,12,1775,5
7,314,20715,4,442,260,13,4,0,0,22,1784,5
7,314,177,3,362,288,12,4,0,1,11,1813,5
7,314,840,2,283,295,12,4,0,0,29,1838,5
7,314,532,3,174,169,13,5,-1,0,25,1859,5
7,314,2228,2,108,131,12,5,-1,1,38,1842,5
7,314,2418,2,42,117,10,5,0,0,20,1788,5
7,314,44929,5,0,285,11,4,1,0,21,1783,5
9,314,2579,3,42,315,14,4,0,0,10,1806,5
9,314,2493,3,123,341,15,4,0,0,14,1822,5
6,314,5685,3,241,308,13,4,0,0,21,1852,5
6,313,8231,4,323,305,11,4,0,0,12,1863,5
6,313,1931,3,408,287,8,4,0,0,24,1902,5
6,313,1296,3,523,320,6,4,0,0,13,1933,5
7,313,2587,2,611,303,8,4,0,1,31,1962,5
7,313,993,2,700,2,6,4,0,0,18,1972,5
7,313,4926,3,818,334,7,4,0,1,34,1997,5
7,313,3872,3,907,331,7,4,1,0,33,2011,5
7,313,5128,3,997,327,6,4,0,0,34,2036,5
7,313,2620,3,1116,320,9,4,0,0,15,2068,5
7,312,683,3,1205,80,8,5,0,0,11,2069,5
7,312,2097,3,1295,90,9,4,0,0,11,2043,5
7,312,6888,4,1415,65,11,5,0,0,10,2029,5
7,312,10163,4,1504,30,12,4,0,0,14,2012,5
7,312,1095,4,1594,49,13,4,0,0,8,2004,5
7,312,2694,4,1714,313,13,4,0,0,9,2004,5
7,312,662,4,1803,45,15,4,0,0,1,1996,5
7,312,87,4,1893,67,12,4,0,0,6,2004,5
7,312,1756,4,2013,65,13,4,0,0,12,1980,5
7,312,660,3,2103,58,10,5,0,0,11,1965,5
7,311,1119,4,2193,30,13,4,0,0,8,1955,5
7,315,336,3,551,167,9,5,0,0,6,1738,5
7,315,2695,3,488,194,11,5,1,0,17,1737,5
7,315,1535,3,424,196,11,4,0,0,17,1751,5
7,314,100,5,342,165,13,4,0,0,4,1761,5
7,314,1902,3,295,219,12,4,0,0,25,1779,5
7,314,1540,2,234,214,13,4,0,0,27,1807,5
7,314,941,2,123,142,9,5,0,0,20,1808,5
7,314,3246,3,42,153,11,5,0,0,23,1784,5
7,314,26210,4,30,298,12,4,0,0,10,1771,5
7,314,1232,2,94,321,11,4,0,0,22,1810,5
9,314,3335,3,134,330,9,4,0,0,26,1830,5
9,314,2186,3,192,347,10,4,0,0,20,1847,5
6,313,2165,2,283,338,9,4,0,0,23,1895,5
6,313,4472,3,362,348,7,4,0,0,29,1904,5
6,313,4006,3,445,332,7,4,0,0,33,1929,5
6,313,2694,3,560,321,6,4,0,0,27,1977,5
7,313,2052,2,646,316,5,4,0,1,42,2023,5
7,313,1395,2,730,348,7,4,1,0,29,2039,5
7,313,3036,3,844,321,6,4,0,0,30,2068,5
7,313,1403,2,931,323,5,4,0,0,32,2094,5
7,313,1202,3,1018,331,3,4,0,0,30,2112,5
7,313,872,3,1135,27,6,5,0,0,22,2117,5
7,312,1662,3,1223,45,8,5,0,0,21,2089,5
7,312,3134,3,1312,21,10,4,0,0,17,2066,5
7,312,562,3,1430,51,9,4,0,0,6,2054,5
7,312,473,3,1519,93,9,5,0,0,11,2032,5
7,312,1171,4,1608,19,14,4,0,0,7,2021,5
7,312,173,4,1726,345,13,4,0,0,6,2020,5
7,312,1071,3,1815,354,14,4,0,0,14,2016,5
7,312,1036,3,1905,26,9,5,0,-1,20,2006,5
7,312,293,3,2024,71,11,4,0,1,14,2000,5
7,311,2086,3,2113,92,7,5,1,0,18,1965,5
7,311,1089,4,2203,135,9,5,0,0,9,1955,5
7,311,13736,4,2322,301,11,4,0,0,24,1958,5
7,315,1501,4,469,201,11,5,0,0,14,1723,5
7,315,151,4,432,142,10,5,0,0,10,1731,5
7,314,1395,3,361,207,11,5,0,0,15,1727,5
7,314,332,3,276,178,11,4,0,0,16,1749,5
7,314,2069,3,216,230,11,4,0,0,13,1750,5
7,314,1900,3,182,206,12,4,0,0,23,1771,5
7,314,826,3,84,153,12,5,0,0,26,1778,5
7,314,4600,3,30,228,11,5,0,0,6,1762,5
7,314,1348,3,60,302,12,4,0,0,22,1789,5
7,314,2191,3,161,306,12,4,1,-1,35,1829,5
7,314,2620,3,216,335,11,4,0,0,29,1884,5
7,314,2332,3,258,351,9,4,0,0,24,1896,5
6,313,1618,2,339,322,10,4,0,1,35,1948,5
6,313,3319,2,408,1,9,4,-1,1,42,1972,5
7,313,3513,3,483,322,12,4,0,0,40,1980,5
7,313,1696,2,590,316,10,4,-1,0,19,2021,5
7,313,1587,2,674,267,10,4,1,1,30,2047,5
7,313,462,2,758,216,7,5,-1,0,11,2079,5
7,313,355,2,873,210,7,5,-1,0,18,2097,5
7,313,279,3,958,216,11,5,0,0,20,2106,5
7,313,264,3,1043,227,11,4,0,0,21,2123,5
7,312,404,3,1158,38,11,5,0,0,17,2142,5
7,312,2089,3,1244,42,9,5,0,0,24,2115,5
7,312,2203,3,1331,50,8,5,0,0,10,2089,5
7,312,705,3,1448,104,10,5,0,0,15,2056,5
7,312,4852,4,1535,14,11,4,1,0,14,2030,5
7,312,4876,4,1623,22,9,5,0,1,10,2031,5
7,312,1273,4,1741,307,10,4,0,0,7,2025,5
7,312,326,3,1830,3,8,4,0,0,12,2032,5
7,312,613,3,1918,347,10,4,0,0,14,2034,5
7,312,1188,3,2036,68,8,5,0,0,21,2008,5
7,311,3373,3,2125,72,8,5,0,0,22,1975,5
7,311,1216,4,2214,340,9,4,0,0,10,1956,5
7,311,2442,4,2333,275,12,4,0,0,15,1965,5
7,315,152,3,426,78,9,4,0,0,4,1708,5
7,315,411,4,457,120,8,5,0,0,5,1696,5
7,315,2669,4,391,241,6,5,0,0,9,1704,5
7,315,958,4,351,256,11,5,0,0,8,1717,5
7,314,174,3,308,5,13,4,0,0,7,1732,5
7,314,1464,4,212,210,11,5,0,0,7,1721,5
7,314,71,4,150,274,11,4,0,0,5,1754,5
7,314,560,3,94,194,10,5,0,0,5,1747,5
7,314,411,4,42,185,12,4,0,0,4,1750,5
7,314,2980,3,30,286,16,4,0,0,24,1771,5
7,314,2258,2,84,283,14,4,-1,1,38,1822,5
7,314,904,3,189,283,13,4,0,0,15,1868,5
7,314,741,3,276,270,13,4,-1,0,20,1907,5
7,313,181,3,335,297,11,5,0,0,11,1924,5
6,313,1151,2,403,252,9,5,-1,1,28,1968,5
6,313,353,3,466,236,11,4,0,0,15,1993,5
7,313,264,3,534,186,11,5,-1,0,11,2011,5
7,313,255,2,632,188,9,5,-1,0,15,2009,5
7,313,1846,3,711,237,8,5,0,0,23,2024,5
7,313,1037,3,792,199,8,5,-1,0,14,2043,5
7,313,1241,3,902,226,8,5,0,0,17,2064,5
7,313,927,3,986,251,12,4,0,0,19,2087,5
7,313,656,3,1072,241,11,4,0,0,18,2110,5
7,312,515,3,1186,315,11,4,0,0,4,2155,5
7,312,1345,3,1271,64,8,5,0,0,19,2132,5
7,312,3150,3,1356,70,7,5,1,0,24,2091,5
7,312,5946,3,1471,21,9,4,1,0,13,2054,5
7,312,635,3,1557,58,8,5,0,0,11,2050,5
7,312,667,3,1644,50,8,5,0,0,13,2037,5
7,312,815,3,1760,326,12,4,0,0,19,2035,5
7,312,119,3,1848,327,7,4,-1,0,7,2053,5
7,312,63,4,1936,75,6,5,0,1,7,2052,5
7,311,1005,3,2053,85,9,5,0,0,24,2012,5
7,311,3068,3,2141,45,8,4,0,-1,17,1979,5
7,311,735,3,2229,39,12,4,0,1,11,1971,5
7,311,879,3,2347,310,14,4,0,0,13,1970,5
7,311,195,3,2436,343,12,4,-1,1,8,1991,5
7,315,210,3,276,151,13,5,0,0,5,1697,6
7,315,315,3,342,172,11,5,0,0,12,1702,5
7,315,227,4,361,315,10,5,0,0,2,1695,5
7,315,503,3,295,332,14,4,0,0,10,1718,5
7,314,54,4,241,309,12,4,0,0,3,1729,5
7,314,293,3,212,169,11,5,0,0,14,1731,5
7,314,432,4,150,160,11,5,0,0,7,1713,5
7,314,1105,3,67,196,9,5,0,0,20,1725,5
7,314,3078,4,0,214,12,4,0,0,10,1734,5
7,314,655,2,30,282,13,4,0,0,14,1764,5
7,314,840,3,84,276,14,4,0,0,21,1800,5
7,314,970,3,150,264,13,4,0,1,23,1831,5
7,314,663,3,254,184,12,4,0,0,16,1856,5
7,314,2032,3,324,207,13,4,0,0,28,1868,5
7,313,1593,3,402,192,10,5,0,0,28,1886,5
7,313,4086,3,499,235,9,4,0,0,33,1915,5
7,313,1715,3,553,207,12,5,0,0,24,1950,5
7,313,1122,3,615,169,10,5,-1,0,26,1959,5
7,313,6094,3,702,216,10,5,0,-1,20,1942,5
7,313,1671,3,774,218,12,4,0,0,23,1979,5
7,313,3676,3,849,182,7,5,0,0,33,1986,5
9,313,8455,3,952,224,8,5,0,0,25,2006,5
9,313,3638,3,1033,241,6,5,0,0,24,2054,5
9,312,6093,3,1114,249,11,4,-1,1,26,2087,5
9,312,1691,2,1225,224,13,4,0,0,24,2133,5
7,312,204,3,1309,234,12,4,-1,1,10,2155,5
7,312,446,2,1394,65,10,4,0,0,27,2133,5
9,312,472,2,1508,110,5,5,0,0,19,2095,5
9,312,1110,2,1594,107,6,5,0,0,27,2064,5
7,312,947,3,1679,151,9,5,0,0,26,2039,5
7,312,930,2,1793,138,8,5,-2,1,36,2019,5
6,312,2784,3,1879,178,8,5,0,0,31,1982,5
6,312,2347,2,1965,171,6,5,1,0,33,1977,5
7,311,1689,2,2081,198,7,5,0,0,26,2003,5
7,311,106,3,2168,187,7,5,-1,0,5,2014,5
6,311,555,3,2255,13,8,4,0,0,19,2005,5
6,311,284,3,2372,92,9,5,0,0,13,2002,5
7,311,1069,3,2460,168,10,5,0,0,15,1968,5
7,311,567,3,2547,120,9,5,0,0,17,1958,5
7,315,268,3,216,103,13,4,0,0,10,1691,6
7,315,542,4,295,184,12,5,0,0,8,1683,5
7,315,624,4,295,243,12,4,0,0,8,1686,5
7,314,137,4,216,186,13,4,0,0,5,1721,5
7,314,263,3,169,168,12,4,0,0,13,1718,5
7,314,800,4,123,150,13,5,0,0,14,1707,5
7,314,1867,4,94,176,12,4,0,0,8,1701,5
7,314,5674,5,30,300,12,4,0,0,16,1712,5
7,314,6307,4,30,304,13,4,0,0,16,1732,5
7,314,1183,3,120,253,11,4,0,0,20,1758,5
7,314,905,3,150,225,12,4,0,0,20,1788,5
7,314,912,3,212,209,12,5,0,0,25,1801,5
7,314,1870,3,300,196,12,5,0,0,23,1825,5
7,313,2751,3,375,215,12,4,0,0,20,1834,5
7,313,1179,3,450,175,13,5,0,0,15,1850,5
7,313,3642,3,550,237,12,4,0,0,32,1885,5
7,313,1720,3,624,182,12,4,0,0,26,1911,5
7,313,1753,3,680,167,8,5,0,0,27,1912,5
7,313,8347,4,763,237,11,4,0,0,21,1928,5
7,313,2075,3,829,196,9,5,0,0,21,1942,5
7,313,3919,3,900,221,8,5,0,-1,18,1942,5
9,313,6987,4,998,276,10,4,0,0,24,1988,5
9,313,1872,3,1075,266,12,4,-1,0,31,2053,5
9,312,2346,3,1154,252,11,4,0,1,17,2077,5
9,312,2653,3,1261,250,13,4,0,0,23,2119,5
7,312,631,3,1343,210,12,4,0,0,10,2136,5
7,312,129,3,1426,119,8,5,-2,1,37,2139,5
9,312,1769,2,1537,130,5,5,0,0,34,2063,5
9,312,1678,2,1622,134,6,5,-2,2,40,2031,5
7,312,4041,3,1707,169,9,5,0,0,30,1983,5
7,312,2479,3,1821,126,8,5,0,0,33,1961,5
6,312,4552,3,1907,174,8,5,0,0,26,1934,5
6,311,2755,3,1992,170,7,5,0,0,25,1932,5
7,311,3831,3,2106,220,9,4,0,0,33,1947,5
7,311,1611,3,2192,236,8,5,0,0,30,1986,5
6,311,240,2,2278,155,9,5,0,0,16,2014,5
6,311,720,3,2394,116,9,5,0,0,21,1989,5
7,311,3220,3,2481,123,9,5,0,-1,13,1942,5
7,311,1453,3,2568,154,9,5,0,0,16,1934,5
7,315,310,4,67,200,15,4,0,0,4,1680,6
7,315,1182,4,174,205,13,4,0,0,6,1680,6
7,315,41,5,247,281,16,4,0,0,1,1678,6
7,315,713,4,216,283,15,4,0,0,14,1694,6
7,314,206,3,150,174,11,5,0,0,7,1708,5
7,314,1287,4,94,139,12,4,0,0,11,1700,5
7,314,1707,4,42,174,12,5,0,0,9,1690,5
7,314,583,4,30,319,13,4,0,0,13,1703,5
7,314,185,3,0,276,11,4,-1,1,12,1737,5
7,314,446,4,67,212,10,5,0,0,7,1734,5
7,314,330,3,174,197,12,4,0,0,15,1739,5
7,314,1815,3,228,213,14,4,0,0,16,1757,5
7,314,2815,3,276,199,12,4,0,0,22,1770,5
7,313,6596,4,361,233,13,4,0,0,13,1794,5
7,313,1977,3,426,211,14,4,0,0,18,1807,5
7,313,1966,3,499,186,12,4,1,-2,17,1816,5
7,313,2877,3,600,256,14,4,0,0,20,1852,5
7,313,1325,3,674,156,11,5,0,0,20,1882,5
7,313,3798,3,750,163,8,5,0,0,21,1866,5
7,313,1120,2,827,173,9,5,0,0,22,1900,5
7,313,17002,4,890,198,8,5,0,0,23,1895,5
7,313,27630,4,956,252,9,5,0,0,31,1928,5
9,313,1845,2,1050,263,8,4,0,1,22,2003,5
9,312,1985,3,1123,256,9,5,0,1,30,2046,5
9,312,2459,4,1198,223,12,4,0,0,12,2064,5
9,312,1305,3,1302,212,11,4,0,0,20,2092,5
7,312,1640,3,1381,214,12,4,0,0,26,2109,5
7,312,1343,2,1462,120,9,5,-1,0,34,2101,5
9,312,5215,3,1571,126,5,5,0,0,34,2014,5
9,312,9010,3,1654,125,9,5,1,0,36,1964,5
7,312,3023,3,1738,146,9,5,0,0,27,1946,5
7,312,3588,3,1850,163,6,5,0,0,29,1929,5
7,312,7299,4,1935,150,8,5,0,-1,13,1895,5
7,311,2351,3,2020,170,7,5,0,0,15,1896,5
6,311,6063,3,2135,233,9,5,0,0,27,1912,5
6,311,2638,3,2220,239,8,4,0,0,33,1957,5
6,311,893,3,2305,171,7,4,0,2,6,1999,5
7,311,2934,3,2419,120,10,5,0,0,23,1960,5
9,311,3348,3,2505,115,7,5,0,0,22,1930,5
9,311,6908,4,2592,147,10,5,0,0,10,1908,5
7,311,1155,4,2707,147,10,5,0,0,13,1899,5
7,315,1106,4,42,187,12,4,0,0,7,1669,6
7,315,143,5,30,135,14,4,0,0,2,1675,6
7,315,380,5,123,164,12,4,0,0,2,1669,6
7,315,628,3,134,277,13,4,0,0,14,1680,6
7,314,79,4,108,149,12,4,0,0,5,1690,6
7,314,945,4,60,169,10,5,0,0,10,1682,5
7,314,2723,4,0,296,11,5,1,0,11,1682,5
7,314,851,4,30,297,12,4,0,0,8,1699,5
7,314,257,4,90,237,13,4,0,0,6,1716,5
7,314,94,4,108,187,14,4,0,0,5,1723,5
7,314,1158,4,150,163,11,5,0,0,9,1713,5
7,314,3111,4,234,245,12,4,0,0,17,1723,5
7,314,709,3,308,181,13,4,0,0,11,1740,5
7,314,5768,4,375,203,9,5,0,0,8,1739,5
7,313,1155,3,445,185,11,5,0,0,25,1764,5
7,313,4276,3,509,208,12,4,0,0,22,1774,5
7,313,323,2,573,194,12,4,0,-2,17,1792,5
7,313,1332,2,666,234,11,4,0,1,27,1844,5
7,313,3404,3,740,145,12,5,0,0,25,1828,5
7,313,21883,4,816,207,11,5,0,0,22,1825,5
7,313,53546,4,915,259,9,5,0,0,23,1851,5
7,313,1779,2,976,313,10,4,0,0,29,1889,5
7,313,644,2,1039,281,9,4,0,1,23,1932,5
9,312,2112,3,1126,218,8,5,0,0,27,1968,5
9,312,5775,3,1194,231,9,5,1,0,34,1996,5
9,312,7400,4,1266,208,12,4,0,0,28,2026,5
9,312,1852,3,1364,192,11,5,0,0,21,2055,5
9,312,2667,3,1440,191,13,4,0,0,24,2059,5
9,312,661,3,1518,155,10,5,0,1,15,2071,5
7,312,4728,2,1623,103,5,5,0,0,34,1978,5
7,312,6085,3,1703,104,6,5,0,0,26,1935,5
7,312,18854,4,1785,184,9,5,0,0,16,1909,5
7,312,2903,3,1894,123,9,5,0,0,18,1875,5
7,311,504,3,1977,135,8,5,0,0,14,1874,5
7,311,4717,3,2061,146,8,5,0,0,13,1858,5
6,311,2507,3,2173,236,7,5,0,0,20,1896,5
6,311,2197,2,2258,235,6,2,0,0,28,1925,5
6,311,1588,2,2343,229,8,4,0,0,33,1973,5
7,311,457,3,2457,83,9,5,0,0,21,1969,5
9,311,1643,3,2542,37,10,4,0,0,21,1944,5
9,311,1752,3,2627,25,9,4,0,0,18,1925,5
7,311,1344,3,2741,21,12,4,0,0,15,1907,5
7,311,224,3,2827,59,9,5,0,0,5,1899,5
7,315,875,3,161,43,8,4,0,0,16,1682,6
7,315,625,4,84,77,11,5,0,0,6,1665,6
7,315,325,4,0,235,11,4,0,0,9,1672,6
7,315,200,5,94,143,14,4,0,0,2,1667,6
7,314,304,3,67,208,12,4,0,0,9,1678,6
7,314,175,4,30,165,11,5,0,0,8,1680,6
7,314,1283,5,0,304,15,4,0,0,13,1682,6
7,314,280,4,42,253,13,4,0,0,5,1694,5
7,314,161,4,108,215,13,5,0,0,7,1703,5
7,314,486,4,169,242,13,4,0,0,4,1712,5
7,314,180,4,189,114,12,4,0,0,2,1715,5
7,314,366,4,228,104,12,5,0,0,7,1706,5
7,314,1244,4,296,240,13,4,0,0,12,1714,5
7,314,5681,4,361,183,9,5,0,0,9,1714,5
7,313,9045,4,432,241,10,5,0,0,10,1733,5
7,313,1937,3,516,203,11,4,0,0,10,1732,5
7,313,3445,3,573,250,13,4,0,0,18,1752,5
7,313,26791,4,636,221,11,5,0,0,22,1762,5
7,313,1247,2,722,214,11,4,0,0,26,1805,5
7,313,1479,3,792,143,12,5,0,0,27,1800,5
7,313,28842,4,865,221,9,5,0,0,23,1796,5
7,313,15440,4,966,266,13,4,0,0,34,1852,5
7,313,342,3,1040,218,11,4,0,0,20,1896,5
7,313,804,3,1103,197,10,5,0,1,16,1910,5
9,312,4924,3,1187,214,10,5,0,0,30,1928,5
9,312,8602,3,1253,241,8,5,1,-1,34,1954,5
9,312,7931,4,1321,237,8,4,0,0,20,1995,5
9,312,1302,3,1416,177,12,5,0,0,14,2026,5
9,312,2900,3,1489,189,12,5,0,0,21,2022,5
9,312,1634,3,1564,197,12,4,0,0,18,2034,5
7,312,1770,2,1667,106,5,5,0,0,31,1974,5
7,312,3900,3,1745,132,7,5,0,0,24,1914,5
7,312,3574,3,1824,117,7,5,1,0,24,1874,5
7,312,460,3,1932,112,9,5,0,0,11,1876,5
7,311,11517,4,2013,135,9,5,0,-1,19,1842,5
7,311,8153,4,2095,203,8,5,0,0,12,1842,5
6,311,1941,3,2206,233,4,2,0,0,20,1871,5
6,311,2079,2,2289,226,7,4,1,0,22,1896,5
6,311,2385,2,2373,236,7,5,0,0,37,1937,5
7,311,34,4,2486,297,7,5,0,0,9,1982,5
9,311,1129,2,2571,41,9,4,-1,2,22,1988,5
9,311,838,2,2656,79,7,5,0,0,14,1952,5
7,311,714,3,2770,75,8,5,-2,1,19,1937,5
7,310,674,3,2855,94,7,5,0,0,12,1898,5
7,310,0,4,2940,111,8,5,0,0,5,1888,5
7,315,2559,3,189,103,11,4,0,0,12,1685,6
7,315,4354,4,108,67,10,4,0,0,16,1669,6
7,315,314,4,30,225,13,5,0,0,8,1663,6
7,315,205,4,60,285,13,4,0,0,5,1664,6
7,314,2030,5,0,192,10,5,0,0,3,1664,6
7,314,1633,5,42,310,11,4,0,0,7,1671,6
7,314,401,4,84,263,13,4,0,0,5,1686,6
7,314,161,5,123,204,13,4,0,0,2,1692,5
7,314,536,5,169,217,13,5,0,0,2,1696,5
7,314,150,4,241,220,13,4,0,0,4,1710,5
7,314,331,4,276,200,12,4,0,0,4,1709,5
7,314,232,4,308,110,12,5,0,0,13,1701,5
7,314,1005,4,366,265,12,4,0,0,13,1706,5
7,314,5647,4,424,141,9,5,0,0,6,1704,5
7,313,547,4,488,208,6,2,0,0,12,1716,5
7,313,11168,4,582,205,10,5,0,0,16,1714,5
7,313,3234,3,642,202,10,5,0,0,18,1728,5
7,313,6813,4,700,199,9,5,0,0,12,1732,5
7,313,2301,2,785,216,11,4,0,0,27,1767,5
7,313,6279,3,849,142,10,5,0,0,17,1768,5
7,313,4476,3,918,281,12,4,0,0,19,1787,5
7,313,2218,2,1015,230,10,5,1,0,36,1829,5
7,313,1988,3,1090,208,10,4,0,0,24,1865,5
7,313,1562,3,1164,176,10,5,0,0,23,1874,5
9,312,21063,4,1251,261,9,4,0,0,29,1896,5
9,312,5871,3,1315,263,10,4,0,0,33,1940,5
9,312,1152,3,1380,261,8,5,0,0,17,1985,5
9,312,1776,3,1471,167,11,5,0,0,27,1985,5
9,312,11319,4,1542,193,10,5,0,-1,27,1976,5
9,312,1369,3,1614,232,8,5,0,0,12,1997,5
9,312,1968,2,1714,113,5,5,0,0,32,1956,5
9,312,1247,2,1790,115,7,5,0,1,23,1912,5
9,312,3582,3,1867,93,7,5,1,-1,30,1861,5
9,311,14034,4,1972,197,8,5,0,1,17,1853,5
7,311,5455,3,2052,100,8,5,1,-1,20,1827,5
7,311,25083,4,2133,234,6,2,0,0,14,1827,5
9,311,1342,3,2241,225,7,4,0,0,20,1860,5
9,311,2370,3,2324,202,7,5,0,0,13,1876,5
9,311,4112,3,2406,242,10,4,0,0,27,1896,5
7,311,1519,3,2518,227,7,4,0,0,17,1967,5
7,311,796,3,2601,160,8,5,0,0,21,1968,5
7,311,1004,2,2686,128,6,5,0,0,27,1937,5
7,311,1008,3,2799,161,8,5,0,0,16,1917,5
7,310,1089,3,2884,103,7,5,0,0,18,1892,5
7,310,447,4,2969,128,9,5,0,0,6,1880,5
7,315,1982,2,429,58,10,4,2,0,37,1755,6
7,315,2521,3,342,59,12,4,0,0,20,1723,6
7,315,2584,3,228,81,10,5,0,0,11,1697,6
7,315,862,3,150,105,11,5,0,0,10,1679,6
7,315,516,4,60,93,12,4,0,0,16,1664,6
7,314,1184,5,30,217,12,4,0,0,7,1650,6
7,314,1048,4,67,241,12,5,0,0,13,1661,6
7,314,164,4,127,228,13,4,0,0,5,1673,6
7,314,228,4,189,218,13,4,0,0,6,1679,6
7,314,1796,5,228,191,11,5,0,0,6,1682,6
7,314,319,5,268,234,12,4,0,0,2,1688,6
7,314,375,4,339,182,13,4,0,0,5,1699,5
7,314,657,4,391,222,13,4,0,0,6,1699,5
7,314,280,3,417,99,12,5,0,0,14,1689,5
7,314,3627,5,469,200,12,4,0,0,12,1687,5
7,313,181,5,516,244,12,5,0,0,7,1696,5
7,313,320,4,573,145,12,5,0,0,12,1693,5
7,313,17776,4,657,266,8,5,0,0,25,1713,5
7,313,207,3,726,140,10,5,-1,0,10,1733,5
7,313,729,4,792,148,9,5,0,0,14,1711,5
7,313,19881,4,870,244,10,4,0,0,14,1725,5
7,313,16512,4,933,234,11,4,0,0,13,1746,5
7,313,1107,3,997,217,10,5,0,0,12,1770,5
7,313,18324,4,1087,282,12,4,1,-1,24,1790,5
7,313,23063,4,1158,267,11,5,0,0,13,1824,5
7,312,17626,4,1231,272,11,4,0,-1,19,1850,5
9,312,436,3,1332,220,9,5,0,0,19,1897,5
9,312,2310,3,1400,217,9,5,0,0,21,1913,5
9,312,1346,3,1463,225,10,4,0,0,26,1942,5
9,312,1673,3,1548,140,11,5,0,0,24,1923,5
9,312,14452,4,1612,207,9,5,0,0,28,1920,5
9,312,1248,3,1679,204,8,5,0,0,26,1947,5
9,312,998,2,1771,105,7,5,0,0,44,1922,5
9,312,5223,3,1842,113,5,5,0,-1,24,1862,5
9,312,4459,3,1914,180,7,5,0,0,24,1847,5
9,311,632,4,2013,113,7,5,0,0,15,1825,5
7,311,15482,4,2089,139,8,5,0,0,12,1809,5
7,311,17115,5,2166,225,9,4,0,0,6,1808,5
9,311,7024,4,2269,258,6,4,1,0,28,1838,5
9,311,395,3,2348,295,5,4,0,1,18,1887,5
9,311,221,3,2428,278,10,4,2,0,19,1890,5
7,311,719,2,2535,182,7,5,0,0,27,1949,5
7,311,1811,2,2617,151,6,5,0,0,32,1929,5
7,311,3030,3,2698,166,8,5,0,0,17,1906,5
7,310,335,3,2808,91,9,5,0,0,8,1895,5
7,310,2701,4,2891,112,9,5,0,0,8,1884,5
7,310,272,4,2974,18,13,4,0,0,2,1877,5
7,310,546,4,3086,14,12,4,0,0,10,1870,5
7,315,2150,2,456,66,12,4,0,-2,38,1787,6
7,315,2142,3,371,62,11,4,0,0,26,1748,6
7,315,2371,3,256,66,10,5,0,1,28,1713,6
7,315,2907,3,174,51,10,5,0,0,8,1678,6
7,315,3885,4,94,96,10,4,0,0,8,1665,6
7,314,277,4,0,188,8,5,0,0,4,1643,6
7,314,2323,4,84,278,11,4,0,0,12,1658,6
7,314,406,5,161,284,14,4,0,0,4,1669,6
7,314,87,5,268,149,12,4,0,0,9,1671,6
7,314,2942,5,308,271,12,4,0,0,9,1675,6
7,314,414,5,349,270,14,4,0,0,2,1686,6
7,314,324,4,408,183,13,4,0,0,8,1688,5
7,314,337,4,466,227,13,5,0,0,7,1690,5
7,314,181,3,502,104,12,5,0,0,17,1685,5
7,314,12997,5,550,217,12,4,0,0,9,1675,5
7,313,318,4,591,240,14,4,-1,0,8,1690,5
7,313,488,4,642,155,13,5,0,0,8,1678,5
7,313,721,3,721,217,8,5,0,0,18,1695,5
7,313,663,2,785,164,10,5,0,0,22,1698,5
7,313,568,4,852,240,11,5,0,0,3,1702,5
7,313,5640,4,937,188,12,5,0,0,11,1713,5
7,313,16965,4,997,210,13,4,0,0,16,1718,5
7,313,28393,4,1046,222,13,4,0,0,23,1745,5
7,313,2801,3,1101,235,11,4,0,0,26,1799,5
7,312,271,4,1148,217,12,4,0,0,16,1837,5
7,312,313,3,1200,191,12,4,0,0,25,1848,5
9,312,3135,3,1275,235,9,5,0,0,22,1862,5
9,312,1711,3,1336,253,11,4,0,0,12,1899,5
7,312,1924,3,1400,250,12,4,0,0,12,1913,5
7,312,1308,2,1485,130,10,5,0,0,35,1893,5
7,312,8196,3,1552,222,8,5,-1,1,35,1887,5
7,312,1974,3,1621,211,8,5,0,0,23,1918,5
9,312,1345,2,1716,120,7,5,2,-1,45,1874,5
9,312,1553,2,1789,131,6,5,0,1,23,1853,5
9,311,7845,3,1863,137,7,5,0,-1,15,1813,5
7,311,977,3,1965,165,7,5,0,0,20,1805,5
7,311,1927,4,2042,160,10,5,0,0,7,1802,5
7,311,1710,5,2121,302,7,4,0,0,14,1813,5
7,311,2865,3,2227,270,8,4,0,0,13,1842,5
7,311,702,3,2307,271,7,4,0,-1,16,1878,5
7,311,196,3,2388,321,8,4,0,0,6,1890,5
9,311,1293,2,2497,166,6,5,1,0,35,1879,5
9,311,1452,2,2580,171,6,5,0,0,26,1882,5
9,311,5092,3,2663,196,7,5,0,0,25,1867,5
6,310,555,3,2774,183,7,5,0,0,12,1882,5
6,310,1262,4,2858,144,9,5,0,0,12,1878,5
6,310,281,4,2942,165,9,5,0,0,9,1877,5
7,310,199,4,3055,247,6,5,0,0,8,1875,5
7,315,1189,3,569,208,11,4,0,0,17,1792,6
7,315,310,3,484,216,9,5,-1,0,14,1808,6
7,315,759,2,402,75,11,4,0,0,35,1775,6
7,315,1795,3,295,67,15,4,-1,0,35,1728,6
7,315,1836,3,212,69,13,4,0,0,19,1685,6
7,314,2385,3,123,79,12,4,0,0,9,1660,6
7,314,3522,4,30,299,9,4,0,0,12,1649,6
7,314,227,4,42,230,13,4,0,0,3,1657,6
7,314,407,4,123,218,12,4,0,0,6,1669,6
7,314,375,4,241,140,12,4,0,0,7,1661,6
7,314,674,4,331,259,12,4,0,0,14,1672,6
7,314,19,5,421,173,12,4,0,0,2,1681,6
7,314,703,4,483,171,11,5,0,0,8,1675,6
7,314,206,4,534,247,12,4,0,0,7,1684,5
7,314,266,4,547,109,11,5,0,0,16,1679,5
7,313,37754,5,579,219,11,5,0,0,13,1661,5
7,313,239,4,617,158,13,4,0,0,9,1674,5
7,313,22878,4,666,245,12,4,0,0,12,1669,5
7,313,236,5,732,161,10,5,0,0,7,1679,5
7,313,901,4,787,285,11,4,0,0,10,1689,5
7,313,124,4,831,185,9,5,0,0,6,1700,5
7,313,11002,4,885,172,12,5,0,0,15,1691,5
7,313,31436,4,926,234,12,5,0,0,13,1696,5
7,313,9034,4,966,231,9,5,0,0,17,1722,5
7,313,3508,3,1023,229,11,4,0,0,29,1758,5
7,312,2199,3,1074,200,12,4,0,0,31,1798,5
7,312,2016,3,1129,179,11,5,0,0,27,1810,5
9,312,8072,3,1209,250,9,4,-1,0,24,1849,5
9,312,1335,3,1272,228,9,4,0,0,22,1881,5
7,312,897,3,1336,182,11,5,0,0,22,1890,5
7,312,1524,2,1425,128,9,5,0,0,23,1859,5
7,312,45857,4,1494,242,9,4,3,-1,25,1836,5
7,312,1275,3,1566,192,9,5,0,0,22,1881,5
9,312,1552,2,1664,119,6,5,0,0,37,1852,5
9,312,4362,3,1739,145,6,5,0,0,23,1811,5
9,311,1101,3,1816,162,6,5,-1,0,14,1804,5
7,311,7561,4,1920,188,8,5,0,0,8,1785,5
7,311,708,3,1999,283,8,4,0,0,18,1810,5
7,311,533,2,2079,313,7,4,0,0,16,1839,5
7,311,1530,3,2187,319,6,4,-1,0,21,1861,5
7,311,1148,3,2269,278,7,4,1,-1,17,1875,5
7,311,93,4,2351,133,7,5,-1,0,23,1890,5
9,311,3245,3,2462,152,8,5,0,0,22,1833,5
9,311,2419,3,2545,165,8,5,0,0,22,1829,5
9,310,7813,4,2629,216,7,5,0,0,19,1834,5
6,310,1790,3,2742,196,7,5,0,0,18,1849,5
6,310,2004,4,2827,180,8,5,0,0,14,1858,5
6,310,1364,4,2912,147,9,5,0,0,16,1850,5
7,310,1416,4,3026,209,9,5,0,0,16,1855,5
7,310,870,3,3111,204,9,5,0,0,18,1869,5
7,315,5334,3,807,250,11,4,1,0,13,1697,6
7,315,2501,3,724,210,9,4,0,0,23,1727,6
7,315,2598,3,617,210,12,4,0,0,22,1753,6
7,315,1359,3,531,210,10,5,0,0,22,1766,6
7,315,558,2,445,143,9,4,0,1,9,1789,6
7,315,1087,2,335,63,11,4,0,0,32,1750,6
7,315,2618,3,256,63,13,4,0,0,27,1693,6
7,314,977,3,174,87,13,4,0,0,19,1663,6
7,314,369,4,60,245,13,4,0,0,7,1642,6
7,314,305,4,30,228,12,4,0,0,5,1651,6
7,314,375,4,120,195,11,5,0,0,5,1655,6
7,314,516,5,212,127,10,5,0,0,5,1647,6
7,314,668,3,276,273,13,4,-1,0,21,1670,6
7,314,128,3,349,114,12,4,0,0,7,1668,6
7,314,2487,5,420,240,11,5,0,0,4,1657,6
7,314,330,4,420,247,12,5,0,0,6,1668,6
7,314,85,4,429,87,10,5,-1,0,15,1667,5
7,313,10373,5,469,232,12,5,0,0,5,1650,5
7,313,9376,4,516,180,11,5,0,0,6,1652,5
7,313,984,5,566,231,10,5,0,0,6,1665,5
7,313,454,5,637,284,14,4,0,0,13,1675,5
7,313,141,4,685,152,10,5,0,0,7,1684,5
7,313,383,5,724,147,8,5,0,0,6,1675,5
7,313,1330,4,778,289,11,4,0,0,19,1692,5
7,313,898,3,818,329,10,4,1,0,15,1710,5
7,313,926,2,859,33,11,4,0,0,8,1727,5
7,312,4840,4,924,235,11,5,0,1,18,1729,5
7,312,12085,4,979,240,9,5,-1,1,21,1760,5
7,312,1694,3,1039,246,12,4,0,0,14,1781,5
9,312,1673,3,1124,250,8,5,-1,0,23,1836,5
9,312,929,3,1188,190,11,5,-1,0,12,1841,5
7,312,232,2,1256,187,10,5,-1,0,14,1849,5
7,312,1196,3,1350,127,11,5,0,1,19,1826,5
7,312,1072,2,1423,267,12,4,0,0,36,1838,5
7,312,370,2,1497,115,9,5,0,0,24,1844,5
9,312,4705,3,1600,179,7,5,0,1,16,1823,5
9,311,2281,3,1678,117,6,5,0,0,27,1784,5
9,311,1593,3,1757,187,8,5,0,0,13,1771,5
6,311,8468,4,1865,279,9,4,0,0,10,1779,5
7,311,4876,4,1946,250,8,4,0,0,15,1802,5
7,311,2349,3,2028,240,6,4,0,0,19,1830,5
7,311,1101,3,2139,256,8,5,0,0,19,1870,5
7,311,415,2,2222,213,8,5,-1,2,17,1900,5
7,311,446,2,2306,87,7,5,0,0,28,1876,5
6,311,2771,3,2419,96,7,5,1,0,22,1813,5
9,310,687,4,2504,174,8,5,0,0,15,1804,5
9,310,2929,3,2589,198,9,5,0,0,18,1799,5
7,310,4072,3,2704,223,7,5,0,0,25,1823,5
7,310,606,4,2789,186,7,5,0,0,10,1835,5
7,310,463,3,2874,142,11,5,0,0,16,1826,5
7,310,2422,3,2988,191,12,5,0,0,20,1828,5
7,310,1193,3,3073,234,11,4,0,0,20,1849,5
7,310,345,3,3159,192,9,5,0,0,10,1864,5
7,315,2810,3,844,234,8,5,0,0,18,1694,6
7,315,2036,3,758,210,9,5,0,0,21,1710,6
7,315,1354,3,646,216,11,5,0,0,17,1734,6
7,315,730,3,563,208,11,4,0,0,15,1745,6
7,315,596,3,480,199,10,4,0,0,20,1771,6
7,315,467,2,360,64,10,4,-2,1,12,1776,6
7,314,2037,2,270,73,7,5,1,0,31,1700,6
7,314,2379,3,180,83,10,5,0,0,20,1669,6
7,314,296,3,60,197,13,4,0,0,10,1636,6
7,314,103,4,0,187,12,4,0,0,7,1646,6
7,314,166,4,67,135,13,5,0,0,5,1648,6
7,314,479,4,150,217,12,5,0,0,5,1643,6
7,314,492,3,228,241,11,4,0,0,18,1661,6
7,314,204,3,295,141,12,4,0,0,6,1667,6
7,314,637,4,330,174,14,5,0,0,6,1652,6
7,314,200,4,330,223,12,4,0,0,10,1662,6
7,313,70,4,342,118,12,5,0,0,8,1666,6
7,313,1274,4,391,199,13,5,0,0,10,1639,5
7,313,3763,4,442,198,12,5,0,0,6,1643,5
7,313,529,4,492,239,10,4,0,0,8,1654,5
7,313,412,4,566,251,12,4,0,0,2,1680,5
7,313,750,3,603,156,7,5,0,0,10,1663,5
7,313,1165,4,644,214,12,4,0,0,5,1665,5
7,313,740,2,697,226,11,5,0,0,20,1690,5
7,313,379,2,737,218,10,5,0,0,23,1718,5
7,313,248,2,782,135,9,5,0,0,16,1724,5
7,312,9638,4,852,192,8,5,0,0,13,1695,5
7,312,9068,3,912,229,10,5,0,0,27,1723,5
7,312,1958,3,975,230,12,4,0,0,21,1757,5
7,312,2034,2,1061,232,12,4,0,0,36,1807,5
7,312,2398,3,1129,145,11,5,0,0,18,1809,5
7,312,1483,3,1200,187,10,5,0,0,23,1806,5
7,312,1733,3,1297,154,12,5,0,0,20,1791,5
7,312,1284,2,1373,241,12,4,1,0,31,1808,5
7,312,693,2,1451,130,10,5,0,0,24,1814,5
9,312,5838,3,1556,186,9,5,0,0,27,1785,5
9,311,1397,3,1636,141,7,5,0,0,20,1759,5
9,311,3707,4,1718,319,7,5,2,0,16,1754,5
6,311,12062,4,1827,300,7,4,0,0,14,1788,5
7,311,1773,3,1910,317,8,5,0,0,14,1812,5
7,311,6633,4,1994,316,7,4,0,0,18,1827,5
7,311,2515,3,2106,292,8,4,0,0,25,1859,5
7,311,1582,3,2191,241,8,4,0,-2,25,1865,5
7,311,233,3,2276,84,7,5,0,0,29,1885,5
6,311,2692,3,2390,63,8,4,-1,0,25,1827,5
9,310,7262,4,2476,95,6,5,0,0,20,1786,5
9,310,6449,4,2561,193,8,5,0,0,13,1774,5
7,310,2826,3,2675,218,9,5,0,0,26,1791,5
7,310,887,3,2760,200,7,5,0,0,23,1813,5
7,310,1535,3,2846,178,10,5,0,0,13,1811,5
7,310,2716,4,2960,175,10,5,0,0,18,1807,5
7,310,1909,3,3045,213,13,4,0,0,28,1816,5
7,310,949,3,3130,193,10,4,0,0,24,1840,5
7,310,498,3,3244,190,7,5,-1,0,10,1849,5
7,315,699,4,958,309,9,4,0,-1,3,1650,7
7,315,3719,3,874,212,9,5,0,0,19,1662,7
7,315,4270,4,785,218,9,4,0,0,16,1680,7
7,315,3533,3,666,203,8,5,0,0,23,1708,6
7,315,1658,3,577,204,10,4,0,0,22,1725,6
7,315,2768,3,488,232,11,4,0,0,21,1746,6
7,315,615,3,371,319,11,4,1,0,9,1758,6
7,314,3116,2,284,61,11,4,2,-1,38,1723,6
7,314,3825,2,201,57,12,4,1,0,35,1677,6
7,314,5866,3,108,58,13,5,2,0,5,1626,6
7,314,549,4,42,178,12,4,0,0,8,1636,6
7,314,1151,4,0,195,13,5,0,0,6,1636,6
7,314,1181,4,108,180,13,5,0,0,6,1635,6
7,314,934,3,169,226,12,5,0,0,21,1643,6
7,314,457,3,216,159,10,5,0,0,10,1649,6
7,314,480,4,240,143,13,4,0,0,7,1640,6
7,314,758,3,240,230,11,5,0,0,18,1652,6
7,313,83,4,256,139,11,5,0,0,8,1658,6
7,313,748,4,318,153,6,5,0,0,4,1632,5
7,313,1551,4,366,189,11,5,0,0,8,1635,5
7,313,1886,3,424,268,13,4,0,0,21,1658,5
7,313,140,3,484,143,12,4,0,0,6,1674,5
7,313,1329,3,523,117,12,5,0,0,13,1654,5
7,313,3087,4,563,210,12,5,0,0,6,1655,5
7,313,837,3,617,202,7,5,0,0,16,1660,5
7,313,1557,3,658,214,10,5,0,0,21,1682,5
7,312,1201,3,708,198,10,5,0,0,17,1698,5
7,312,1568,4,785,149,9,5,0,0,8,1679,5
7,312,5003,3,848,247,11,5,1,0,25,1692,5
7,312,2781,3,912,221,11,5,0,0,26,1727,5
7,312,1801,3,1002,232,13,5,0,0,31,1760,5
7,312,545,3,1074,155,10,5,0,0,16,1790,5
7,312,6237,4,1148,168,12,5,0,0,19,1772,5
7,312,11679,4,1250,227,14,4,0,-1,13,1767,5
7,312,750,2,1328,210,11,5,0,0,23,1789,5
7,312,709,2,1408,131,11,5,0,0,23,1782,5
9,311,7759,4,1517,183,7,5,0,0,16,1745,5
9,311,6774,4,1599,318,11,4,0,0,18,1751,5
9,311,4130,3,1682,280,7,5,0,0,18,1785,5
6,311,1093,2,1794,328,7,5,0,1,26,1821,5
7,311,3807,3,1878,341,8,4,0,0,24,1829,5
7,311,1671,3,1963,299,7,4,2,0,28,1843,5
7,311,1605,3,2077,334,7,4,0,0,26,1903,5
7,311,1600,3,2163,357,7,4,0,-2,12,1893,5
7,311,1348,2,2248,99,7,5,0,-1,30,1869,5
6,311,1673,3,2362,121,7,5,0,0,24,1827,5
9,310,742,2,2447,111,5,5,0,1,20,1796,5
9,310,641,3,2533,83,7,5,0,0,13,1767,5
7,310,1730,3,2646,213,9,4,0,0,19,1767,5
7,310,1587,3,2732,198,9,5,0,0,19,1781,5
7,310,3860,4,2817,213,9,5,0,0,17,1790,5
7,310,1482,4,2931,110,13,5,0,0,14,1782,5
7,310,4550,3,3017,222,10,4,0,0,20,1781,5
7,310,2769,3,3103,233,9,4,0,0,18,1807,5
7,310,603,3,3218,189,10,5,0,0,13,1826,5
7,315,409,3,1100,205,9,5,0,0,15,1672,7
7,315,95,4,982,78,10,5,0,0,8,1680,7
7,315,584,4,894,45,14,4,0,0,10,1649,7
7,315,2322,4,807,196,11,4,0,0,12,1648,7
7,315,4957,4,692,215,9,4,0,0,18,1663,7
7,315,2609,3,607,208,10,4,0,0,25,1688,6
7,315,3029,3,523,223,10,4,-1,1,34,1720,6
7,314,2027,3,416,225,10,4,0,0,25,1740,6
7,314,269,3,342,169,13,4,-1,0,12,1761,6
7,314,417,2,276,61,10,4,0,0,34,1738,6
7,314,2745,2,189,51,11,4,0,1,37,1672,6
7,314,1934,3,108,40,12,4,0,0,16,1633,6
7,314,4712,4,42,180,8,5,0,0,2,1623,6
7,314,1785,5,30,183,12,5,0,0,8,1623,6
7,314,499,4,67,192,12,5,0,0,6,1625,6
7,314,705,4,108,181,12,5,0,0,11,1629,6
7,314,5758,5,120,216,11,5,0,0,6,1625,6
7,313,1583,4,120,185,11,5,0,0,12,1625,6
7,313,952,3,150,181,11,5,0,0,17,1633,6
7,313,8346,4,216,208,9,5,0,0,8,1616,6
7,313,526,4,276,229,12,5,0,0,7,1625,5
7,313,1102,3,324,229,11,5,0,0,16,1642,5
7,313,127,4,375,150,11,5,0,0,14,1656,5
7,313,5909,4,416,119,11,5,1,0,10,1639,5
7,313,1608,4,456,180,12,5,0,0,8,1640,5
7,313,1889,4,510,193,5,2,0,0,10,1634,5
7,313,1179,3,558,218,9,5,0,0,11,1647,5
7,312,1412,3,615,207,9,5,0,0,16,1661,5
7,312,10288,4,700,243,12,4,0,0,3,1663,5
7,312,433,4,764,219,9,5,0,0,3,1672,5
7,312,3059,3,834,212,10,5,0,0,18,1688,5
7,312,3671,3,931,224,10,5,0,0,25,1720,5
7,312,372,2,1008,196,10,4,0,1,15,1758,5
7,312,361,3,1087,126,12,5,0,0,9,1750,5
7,312,19056,4,1194,188,11,5,1,0,16,1725,5
7,312,1624,3,1276,182,10,4,0,0,21,1736,5
7,311,1742,3,1359,208,12,5,0,0,10,1742,5
7,311,2297,3,1471,340,14,4,1,0,25,1749,5
7,311,2270,2,1555,308,10,4,0,0,31,1788,5
7,311,3488,3,1641,321,9,4,0,0,36,1813,5
7,311,3338,3,1755,323,10,4,-1,1,29,1873,5
7,311,1623,2,1840,346,10,4,0,0,37,1892,5
7,311,1410,2,1925,336,11,4,-1,-1,30,1905,5
7,311,1796,3,2040,258,9,5,-2,0,25,1922,5
7,311,1129,2,2125,131,7,5,0,0,34,1915,5
7,311,1518,2,2210,123,6,5,0,1,29,1871,5
7,310,769,2,2324,62,6,5,0,0,20,1822,5
9,310,1652,3,2409,52,6,5,0,0,18,1780,5
9,310,8706,4,2495,108,6,2,0,-1,11,1756,5
7,310,9375,4,2609,144,9,5,0,0,11,1737,5
7,310,3294,4,2695,189,7,5,0,0,17,1738,5
7,310,5878,4,2781,211,6,5,0,0,26,1745,5
7,310,514,3,2896,181,10,5,-1,1,6,1786,5
7,310,20910,5,2983,125,10,5,0,0,14,1758,5
7,310,2564,3,3070,225,10,4,0,0,21,1772,5
7,310,760,3,3186,178,10,5,0,0,10,1802,5
7,309,1507,4,3274,170,10,5,0,0,12,1794,5
7,315,461,3,1207,90,6,5,0,0,11,1672,7
7,315,3729,4,1120,90,5,5,0,0,7,1651,7
7,315,736,3,1005,210,6,5,0,0,21,1664,7
7,315,879,3,920,25,9,5,-1,0,9,1667,7
7,315,1373,4,835,18,15,4,0,0,22,1655,7
7,315,9343,4,724,197,10,4,0,0,7,1642,7
7,315,2786,3,644,215,10,5,0,0,20,1654,7
7,314,2830,3,566,244,10,4,0,0,29,1679,6
7,314,1881,3,468,227,8,5,0,0,15,1718,6
7,314,1894,3,403,201,9,5,0,-1,15,1720,6
7,314,421,3,335,207,10,4,-1,0,14,1751,6
7,314,1751,2,234,56,13,4,0,0,39,1717,6
7,314,2460,2,169,54,13,4,0,0,29,1665,6
7,314,2735,3,108,35,16,4,0,0,14,1639,6
7,314,790,4,30,81,14,4,0,0,6,1618,6
7,314,307,4,0,205,12,4,0,0,10,1618,6
7,314,867,4,30,198,12,4,0,0,1,1618,6
7,313,217,5,30,178,13,4,0,0,6,1619,6
7,313,2876,4,30,158,12,5,0,0,5,1608,6
7,313,745,3,84,188,13,5,0,0,6,1614,6
7,313,333,5,150,242,10,4,0,0,8,1616,6
7,313,437,4,201,195,13,5,0,0,8,1617,6
7,313,1278,4,247,234,13,5,1,0,17,1620,5
7,313,321,3,295,144,11,5,0,0,15,1634,5
7,313,4949,4,335,198,11,5,0,0,8,1627,5
7,313,377,5,375,15,12,5,0,0,2,1634,5
7,313,1824,4,432,153,5,5,0,0,5,1622,5
7,312,1306,3,488,206,10,5,0,0,12,1631,5
7,312,3200,4,551,207,5,5,0,0,8,1639,5
7,312,794,4,637,202,9,5,0,0,12,1664,5
7,312,1435,4,708,167,10,5,0,0,7,1660,5
7,312,4989,4,782,324,12,4,0,0,10,1671,5
7,312,2203,3,885,204,8,4,0,0,18,1686,5
7,312,1157,3,966,213,10,5,0,0,28,1723,5
7,312,632,3,1047,177,11,5,0,0,14,1733,5
7,312,18921,4,1158,216,11,5,0,0,9,1710,5
7,312,6848,3,1243,331,13,4,0,0,16,1733,5
7,311,4363,3,1328,300,14,4,3,-3,41,1746,5
7,311,1489,2,1442,338,13,4,0,0,31,1802,5
7,311,2979,2,1527,332,10,4,-4,0,34,1849,5
7,311,1773,3,1612,303,14,4,0,0,21,1862,5
7,311,226,3,1727,226,10,4,0,0,12,1885,5
7,311,246,3,1812,217,10,5,0,0,23,1910,5
7,311,30,5,1897,199,9,5,0,0,11,1921,5
7,311,229,3,2011,126,8,5,0,0,31,1905,5
7,311,2498,2,2096,138,6,5,0,0,32,1861,5
7,310,3272,2,2181,138,7,5,0,0,27,1820,5
7,310,946,2,2296,167,7,5,0,0,26,1803,5
9,310,605,2,2382,136,7,5,0,0,23,1776,5
9,310,589,2,2468,153,5,5,0,0,20,1751,5
7,310,4837,4,2583,100,7,5,0,0,8,1733,5
7,310,32228,5,2670,135,9,5,0,0,6,1716,5
7,310,3324,4,2757,221,7,5,0,-1,19,1716,5
7,310,783,2,2874,215,11,4,0,0,14,1760,5
7,310,14676,4,2961,80,11,5,0,1,18,1757,5
7,310,3279,4,3049,230,8,5,0,0,19,1751,5
7,309,702,3,3166,218,8,4,0,0,12,1789,5
7,309,2317,4,3245,95,10,5,0,0,7,1779,5
7,309,982,4,3309,204,10,5,0,0,10,1777,5
7,316,2363,3,1318,57,5,2,0,0,24,1702,7
7,315,1382,3,1233,43,8,5,0,0,14,1682,7
7,315,2511,3,1148,60,7,5,0,0,17,1656,7
7,315,3423,4,1036,150,8,5,0,0,4,1640,7
7,315,900,3,953,208,9,5,0,0,18,1651,7
7,315,784,3,872,231,9,5,0,0,14,1669,7
7,315,655,2,766,45,12,4,0,0,25,1651,7
7,315,3695,4,690,165,10,5,0,0,7,1635,7
7,314,3788,3,618,228,10,4,1,0,32,1650,7
7,314,3463,3,530,218,9,5,0,0,27,1685,6
7,314,1301,3,457,228,9,4,0,0,15,1704,6
7,314,1537,3,384,223,9,5,0,0,17,1723,6
7,314,217,3,296,56,9,4,-1,0,11,1746,6
7,314,2143,2,234,55,7,4,0,0,26,1693,6
7,314,2957,3,169,36,13,4,0,0,23,1660,6
7,314,1912,3,108,50,15,4,0,0,16,1630,6
7,314,4177,4,67,37,11,4,0,0,10,1611,6
7,314,6449,4,60,216,10,5,0,0,2,1607,6
7,313,448,5,60,162,9,5,0,0,6,1605,6
7,313,1708,5,30,156,9,5,0,0,5,1601,6
7,313,961,5,0,189,9,5,0,0,6,1602,6
7,313,958,4,84,190,12,4,0,0,6,1602,6
7,313,120,4,127,214,11,5,0,0,3,1609,6
7,313,1428,4,161,218,12,5,0,0,11,1607,6
7,313,1868,4,216,202,9,5,0,0,8,1614,5
7,313,555,4,256,255,12,4,0,0,11,1624,5
7,313,94,5,295,194,12,4,0,0,4,1635,5
7,312,573,4,361,109,10,5,0,0,10,1619,5
7,312,5053,4,424,265,6,2,0,0,8,1622,5
7,312,2324,4,488,180,9,5,0,0,5,1629,5
7,312,1255,4,582,186,6,5,0,0,17,1635,5
7,312,5282,4,658,227,11,5,0,0,16,1644,5
7,312,1213,2,737,256,11,4,-1,0,29,1688,5
7,312,358,3,846,111,9,5,0,0,11,1680,5
7,312,1914,3,930,229,9,5,0,0,28,1688,5
7,312,1376,3,1015,191,10,4,0,0,20,1698,5
7,312,777,4,1129,277,11,4,0,0,15,1707,5
7,311,2408,3,1214,298,12,4,0,-1,21,1735,5
7,311,1708,2,1299,271,12,4,0,0,26,1782,5
7,311,564,3,1413,189,11,5,0,0,21,1817,5
7,311,1403,3,1499,207,10,5,0,0,24,1827,5
7,311,1136,2,1584,180,11,5,0,0,29,1843,5
7,311,3213,3,1698,199,9,5,0,-1,34,1842,5
7,311,2799,3,1783,236,9,5,0,0,23,1874,5
7,311,182,3,1868,261,10,4,1,0,13,1898,5
7,311,1141,2,1982,119,7,5,0,0,33,1878,5
7,311,2180,3,2068,121,7,5,0,0,27,1838,5
7,310,3235,3,2155,125,7,5,0,-1,25,1784,5
9,310,2528,3,2270,137,8,5,0,0,14,1766,5
9,310,2747,3,2357,128,6,5,0,0,22,1746,5
9,310,1779,3,2444,118,6,5,0,0,11,1725,5
9,310,1729,3,2561,182,6,5,0,0,15,1716,5
9,310,6705,4,2648,136,7,5,0,0,14,1706,5
9,310,28243,5,2736,225,8,5,0,0,12,1702,5
9,310,849,3,2853,210,10,4,0,0,15,1745,5
9,310,562,3,2941,130,11,4,0,0,20,1746,5
7,310,35378,5,3030,245,9,4,0,0,18,1738,5
7,309,454,3,3118,204,8,5,0,0,15,1765,5
7,309,829,3,3181,176,9,5,0,0,16,1768,5
7,309,1359,4,3245,169,11,5,0,0,9,1765,5
7,316,1027,3,1209,206,9,5,0,0,19,1759,4
7,315,254,3,1298,49,8,4,0,0,27,1753,7
7,315,1868,3,1276,65,5,2,0,0,24,1710,7
7,315,2019,3,1194,82,7,5,-1,0,25,1681,7
7,315,3280,3,1087,45,8,5,0,0,11,1641,7
7,315,715,5,1008,70,10,5,0,0,7,1632,7
7,315,1306,4,931,211,11,5,0,0,16,1634,7
7,315,778,2,834,169,9,5,0,1,16,1652,7
7,314,679,4,764,108,10,5,0,0,15,1631,7
7,314,5838,4,699,259,10,4,0,0,15,1627,7
7,314,829,3,600,203,10,5,0,0,15,1663,7
7,314,2839,3,530,199,10,4,0,0,20,1675,6
7,314,1446,3,466,204,9,5,0,0,21,1692,6
7,314,1525,3,381,211,9,5,0,0,22,1710,6
7,314,15,5,318,225,10,4,-1,0,3,1742,6
7,314,1138,2,268,43,15,4,0,0,34,1713,6
7,314,3097,3,216,47,12,4,0,0,25,1659,6
7,314,1614,3,182,19,10,4,0,0,15,1645,6
7,313,1502,3,180,38,12,5,0,0,14,1629,6
7,313,607,3,169,35,11,4,0,0,10,1619,6
7,313,907,4,123,42,12,5,0,0,8,1607,6
7,313,295,5,67,0,14,5,0,0,5,1611,6
7,313,2304,4,0,38,12,4,0,0,8,1591,6
7,313,11411,5,30,176,9,5,0,0,4,1587,6
7,313,3634,5,60,220,13,5,0,0,12,1594,6
7,313,6928,5,108,259,11,5,0,0,10,1604,6
7,313,310,3,150,263,12,4,0,0,13,1624,5
7,313,251,3,192,164,11,5,0,0,10,1627,5
7,312,555,4,276,104,11,5,0,0,7,1611,5
7,312,175,4,342,280,11,4,0,0,7,1629,5
7,312,173,5,416,130,12,5,0,0,9,1625,5
7,312,17067,5,523,260,10,5,0,0,6,1615,5
7,312,728,3,607,252,4,5,0,0,8,1633,5
7,312,2209,3,692,265,7,2,-1,0,19,1665,5
7,312,460,3,807,133,9,5,0,0,16,1661,5
7,312,9801,4,891,182,9,5,0,-1,14,1643,5
7,312,2711,3,977,207,11,5,0,0,19,1658,5
7,311,1976,3,1092,248,10,4,1,0,35,1699,5
7,311,1027,3,1176,206,11,5,0,0,22,1738,5
7,311,1716,3,1261,181,9,5,0,0,15,1750,5
7,311,1909,3,1376,189,10,5,0,0,20,1764,5
7,311,2835,3,1461,197,11,4,0,0,22,1769,5
7,311,2076,3,1546,193,9,5,0,0,18,1777,5
7,311,8381,4,1660,286,9,4,0,0,23,1808,5
7,311,1353,3,1747,289,8,4,-1,0,25,1881,5
7,311,131,3,1833,49,11,4,0,0,4,1898,5
7,311,4692,3,1950,108,7,5,0,0,29,1834,5
7,310,8192,3,2037,129,5,5,0,0,34,1787,5
7,310,5577,3,2124,141,6,5,1,-1,21,1745,5
9,310,6306,3,2241,167,8,5,0,0,18,1737,5
9,310,700,3,2329,152,9,5,0,1,17,1732,5
9,310,719,3,2418,112,6,5,0,0,11,1709,5
9,310,571,4,2535,91,7,5,0,0,15,1696,5
9,310,5960,4,2624,186,6,5,0,0,9,1683,5
9,310,24671,5,2712,203,9,5,0,0,10,1680,5
9,310,876,3,2821,195,9,5,0,0,16,1718,5
9,310,10668,4,2884,151,8,5,0,0,13,1714,5
7,309,999,5,2948,230,8,5,0,0,10,1727,5
7,309,928,3,3033,172,9,5,0,0,16,1731,5
7,309,10474,4,3097,263,11,4,0,0,12,1739,5
7,309,451,4,3160,248,9,4,0,0,11,1762,5
7,309,630,3,3245,208,10,5,0,0,13,1782,5
7,316,851,3,1082,173,10,5,0,0,11,1717,4
7,316,1386,3,1148,217,11,5,0,0,19,1726,4
7,315,714,3,1242,226,8,5,-1,0,17,1755,7
7,315,1479,3,1314,53,6,2,0,0,23,1737,7
7,315,2038,3,1235,62,6,4,0,0,30,1702,7
7,315,1405,3,1132,70,7,5,0,0,14,1659,7
7,315,1553,4,1056,62,7,5,0,0,14,1637,7
7,315,1621,5,984,90,9,5,0,0,3,1624,7
7,314,866,3,891,196,9,5,0,0,12,1621,7
7,314,373,4,823,340,14,4,1,0,7,1622,7
7,314,1809,4,750,315,14,4,0,0,26,1642,7
7,314,308,3,657,62,9,5,0,0,9,1652,7
7,314,3470,3,593,220,12,5,0,0,13,1649,7
7,314,1907,3,530,217,9,5,0,0,18,1663,6
7,314,1756,3,445,218,9,4,0,0,19,1686,6
7,314,994,2,391,233,9,4,0,0,32,1721,6
7,314,35,4,349,286,11,4,0,1,4,1747,6
7,314,2285,2,295,54,9,4,1,0,41,1689,6
7,314,1737,3,271,38,13,4,0,0,18,1665,6
7,313,1320,3,270,56,13,4,0,0,14,1646,6
7,313,679,3,241,67,11,5,0,0,8,1625,6
7,313,979,4,192,74,11,5,0,0,5,1615,6
7,313,717,4,134,357,6,4,0,0,5,1614,6
7,313,1078,3,67,34,13,4,0,1,21,1620,6
7,313,426,5,42,77,14,4,0,0,8,1594,6
7,313,17379,5,0,74,13,4,0,0,3,1582,6
7,313,3237,4,30,249,10,4,0,0,17,1600,6
7,313,685,3,67,195,11,5,0,0,10,1606,5
7,313,613,3,127,180,11,5,0,0,10,1612,5
7,312,538,4,216,168,11,5,0,0,4,1602,5
7,312,263,3,295,209,11,4,0,0,13,1619,5
7,312,465,4,379,135,10,5,0,0,10,1611,5
7,312,5154,4,494,237,9,5,0,0,12,1614,5
7,312,514,3,579,234,5,2,0,0,13,1629,5
7,312,675,3,664,188,10,5,0,0,15,1649,5
7,312,1071,3,778,153,10,5,0,0,17,1634,5
7,312,10526,4,863,251,10,5,0,-1,6,1625,5
7,312,2252,3,948,324,9,4,1,-1,15,1639,5
7,311,1327,3,1063,227,10,5,0,0,20,1680,5
7,311,2563,3,1148,235,11,4,0,0,24,1713,5
7,311,1385,3,1233,183,10,5,0,0,14,1730,5
7,311,3936,3,1347,201,12,5,1,0,20,1720,5
7,311,9336,4,1434,237,11,5,0,-1,14,1735,5
7,311,20890,4,1520,310,11,4,2,0,23,1765,5
7,311,2256,2,1637,284,11,4,0,0,34,1833,5
7,311,214,3,1724,258,11,4,-3,0,23,1892,5
7,311,189,3,1812,130,11,4,0,0,8,1895,5
7,311,2537,2,1929,98,10,5,1,0,39,1828,5
7,310,6473,3,2018,91,6,5,0,0,28,1770,5
7,310,8492,3,2106,102,7,5,0,0,25,1732,5
7,310,1504,3,2224,185,8,5,-1,1,6,1727,5
7,310,972,3,2313,141,8,5,0,0,8,1712,5
7,310,567,3,2401,107,6,5,0,0,13,1701,5
7,310,477,4,2520,107,5,2,-1,0,17,1692,5
7,310,13475,4,2609,162,6,2,0,0,7,1669,5
7,310,11898,5,2672,191,8,5,0,0,10,1670,5
9,310,715,3,2757,188,10,5,0,0,14,1690,5
9,310,38037,5,2821,249,9,5,0,0,14,1695,5
7,309,468,4,2884,180,8,5,0,0,12,1713,5
7,309,1286,4,2969,240,8,5,0,0,9,1721,5
7,309,283,3,3033,233,10,4,0,0,15,1745,5
7,309,267,3,3097,165,9,5,0,0,18,1739,5
7,309,2609,3,3181,243,10,4,-1,0,27,1769,5
7,309,639,3,3210,139,10,5,0,0,23,1764,5
7,316,455,2,954,65,9,4,0,0,20,1746,4
7,316,2909,3,1021,62,9,5,1,0,19,1712,4
7,315,2433,4,1092,202,11,5,0,0,7,1703,4
7,315,1874,3,1189,217,10,5,0,0,27,1718,4
7,315,340,3,1265,199,8,5,0,0,13,1742,7
7,315,266,3,1281,71,7,5,0,0,20,1729,7
7,315,2809,3,1182,40,6,2,0,0,18,1662,7
7,315,1371,3,1110,63,6,5,0,0,13,1647,7
7,315,1021,3,1041,90,6,5,0,0,8,1630,7
7,314,2979,4,948,135,8,5,0,0,1,1612,7
7,314,587,3,876,213,7,5,0,0,16,1624,7
7,314,956,3,807,214,9,5,0,0,21,1642,7
7,314,387,3,721,124,12,5,1,0,11,1645,7
7,314,8023,4,657,135,10,5,0,0,11,1633,7
7,314,7534,4,593,218,10,4,0,0,20,1639,7
7,314,3095,3,516,227,9,4,0,0,16,1660,6
7,314,1984,2,469,222,9,4,-1,1,28,1689,6
7,314,2146,3,429,227,8,4,0,0,29,1718,6
7,314,203,3,379,58,8,4,-1,0,25,1733,6
7,313,1735,2,361,51,10,4,0,0,31,1690,6
7,313,1223,2,360,59,12,4,0,0,16,1659,6
7,313,558,3,318,73,12,5,0,0,11,1634,6
7,313,596,4,258,82,9,5,0,0,7,1619,6
7,313,409,4,212,292,12,4,0,0,16,1627,6
7,313,325,3,152,36,14,4,0,0,15,1634,6
7,313,1118,3,123,59,14,4,0,0,16,1603,6
7,313,992,4,84,82,13,4,0,0,5,1586,6
7,313,1360,4,30,239,8,5,0,0,13,1578,6
7,313,1106,4,0,211,11,5,0,0,8,1591,6
7,312,371,3,67,163,12,5,0,0,11,1594,6
7,312,1905,4,182,244,12,5,0,0,9,1596,5
7,312,690,4,268,168,10,5,0,0,10,1600,5
7,312,4447,4,351,200,11,5,0,0,4,1600,5
7,312,2151,4,465,254,2,2,0,0,5,1606,5
7,312,629,3,551,192,6,2,0,0,10,1611,5
7,312,949,3,635,183,11,5,0,0,16,1615,5
7,312,4720,4,750,266,10,5,0,0,9,1618,5
7,312,1443,2,835,292,10,4,0,0,27,1646,5
7,312,285,2,920,84,11,4,0,1,2,1683,5
7,311,442,4,1034,150,11,5,0,0,7,1664,5
7,311,1142,3,1120,234,11,4,0,0,20,1685,5
7,311,1830,3,1207,202,12,5,0,0,19,1699,5
7,311,19764,4,1324,230,12,5,0,0,14,1706,5
7,311,1627,3,1412,257,11,4,0,0,21,1733,5
7,311,2671,3,1500,253,10,4,-1,0,29,1779,5
7,311,1417,3,1618,235,9,4,0,0,25,1821,5
7,311,2025,3,1706,236,10,4,-1,0,31,1869,5
7,311,430,3,1795,185,9,5,0,0,12,1884,5
7,310,1426,2,1913,92,9,5,3,0,46,1817,5
7,310,4554,3,2002,95,7,5,0,0,31,1764,5
7,310,6392,3,2091,92,7,5,0,0,20,1716,5
7,310,20781,4,2210,191,8,5,0,0,15,1691,5
7,310,723,4,2299,153,7,5,0,0,10,1701,5
7,310,7004,4,2388,150,5,5,0,0,14,1694,5
7,310,4172,4,2482,114,6,5,0,0,11,1677,5
7,310,15418,5,2545,147,6,5,0,0,4,1659,5
7,310,80,6,2609,185,8,5,0,0,5,1661,5
9,310,33442,5,2694,253,10,4,0,0,10,1671,5
9,309,263,3,2757,249,11,4,0,0,12,1695,5
7,309,6179,4,2821,209,12,5,0,0,9,1695,5
7,309,1818,4,2906,232,9,5,0,0,7,1707,5
7,309,449,3,2969,187,9,4,0,1,15,1724,5
7,309,2041,3,3033,187,8,5,0,0,13,1716,5
7,309,1445,3,3118,287,9,4,-1,0,23,1760,5
7,309,526,3,3139,65,9,5,0,0,15,1758,5
7,309,301,4,3084,90,12,4,-192,0,86,1740,5
7,316,829,3,785,229,12,4,0,0,22,1736,4
7,316,135,3,876,26,13,4,0,0,7,1756,4
7,315,987,2,948,48,13,4,0,0,26,1742,4
7,315,1200,3,1023,54,10,5,0,0,18,1712,4
7,315,611,4,1127,107,12,4,0,0,6,1694,4
7,315,1201,3,1207,213,10,5,0,0,17,1701,4
7,315,1068,3,1288,218,8,5,0,0,20,1719,4
7,315,783,2,1256,54,5,2,0,0,27,1698,7
7,315,2387,3,1188,51,7,4,0,0,23,1662,7
7,314,2212,3,1116,53,9,5,1,0,18,1634,7
7,314,1423,3,1021,53,10,4,0,0,8,1620,7
7,314,1321,4,954,81,10,5,0,0,4,1609,7
7,314,334,4,890,216,9,5,0,0,6,1612,7
7,314,941,3,806,191,11,5,0,0,10,1612,7
7,314,238,4,742,279,15,5,0,0,7,1622,7
7,314,457,3,684,310,13,4,0,0,18,1640,7
7,314,470,3,617,350,12,4,0,0,11,1656,7
7,314,2721,3,577,188,9,5,0,0,11,1649,6
7,314,1845,3,536,218,9,5,0,0,21,1669,6
7,313,1533,2,494,229,8,4,1,-1,37,1698,6
7,313,484,3,480,82,9,5,0,0,16,1715,6
7,313,2258,3,480,54,7,4,0,0,28,1675,6
7,313,2710,3,408,70,12,5,0,0,11,1635,6
7,313,2662,3,361,119,11,5,0,0,12,1614,6
7,313,5375,4,308,208,9,5,0,0,14,1610,6
7,313,1045,3,268,225,10,4,0,0,19,1643,6
7,313,1074,2,228,56,12,4,0,0,24,1625,6
7,313,1131,3,189,62,14,4,0,0,17,1597,6
7,313,1486,4,120,110,13,4,0,0,8,1570,6
7,312,705,4,30,218,12,4,0,0,8,1577,6
7,312,91,5,30,180,11,5,0,0,2,1580,6
7,312,158,5,150,173,8,5,0,0,5,1581,5
7,312,6799,4,228,268,13,4,1,0,18,1587,5
7,312,218,3,313,218,12,4,0,0,8,1615,5
7,312,639,3,429,145,11,5,0,0,20,1604,5
7,312,4788,4,512,219,10,5,0,0,6,1595,5
7,312,1827,4,597,307,9,4,0,0,13,1610,5
7,312,1804,3,713,297,10,4,0,0,19,1639,5
7,312,351,3,800,266,10,4,0,0,12,1662,5
7,311,256,3,888,162,11,5,0,0,16,1670,5
7,311,748,3,1006,145,10,5,0,0,11,1650,5
7,311,3545,4,1094,205,12,4,0,0,11,1661,5
7,311,33753,4,1183,239,11,5,0,0,18,1672,5
7,311,1820,3,1302,253,10,4,-1,0,18,1712,5
7,311,498,3,1391,250,12,4,0,1,12,1730,5
7,311,2165,3,1480,235,12,4,0,0,26,1748,5
7,311,4630,3,1600,229,10,5,0,0,23,1788,5
7,311,2867,3,1689,243,9,4,0,0,32,1823,5
7,311,774,2,1779,184,11,4,0,-1,21,1857,5
7,310,2157,3,1898,97,9,5,-2,0,45,1822,5
7,310,2740,3,1988,99,6,5,0,0,22,1752,5
7,310,3463,3,2077,88,8,5,0,0,22,1714,5
9,310,5972,3,2193,129,7,5,0,0,10,1670,5
9,310,921,4,2252,211,9,5,0,0,16,1675,5
7,310,915,3,2313,128,9,5,0,0,11,1666,5
7,310,277,4,2397,128,9,5,0,0,6,1661,5
9,310,1607,5,2460,111,7,5,0,0,5,1650,5
9,310,10203,5,2524,135,7,5,0,0,2,1645,5
9,309,1782,4,2609,270,7,2,0,0,7,1665,5
9,309,5692,4,2672,202,9,5,0,0,6,1671,5
9,309,5614,5,2736,233,9,5,0,0,9,1675,5
9,309,510,3,2821,202,10,5,0,0,7,1700,5
7,309,5465,4,2884,161,9,5,1,0,8,1696,5
7,309,1208,3,2949,272,9,4,0,0,16,1716,5
7,309,684,3,3037,232,9,5,0,0,14,1741,5
7,309,636,3,3045,151,8,5,1,0,10,1745,5
7,309,352,3,2989,111,9,5,0,0,17,1735,5
7,309,176671,3,2916,63,9,5,188,-189,88,0,5
7,316,238,3,657,139,10,5,0,0,4,1709,4
7,316,1898,3,726,225,11,4,0,0,18,1714,4
7,316,463,3,823,210,11,5,0,0,16,1751,4
7,315,264,3,900,158,12,5,0,0,5,1759,4
7,315,1178,2,979,48,10,5,0,0,21,1733,4
7,315,886,3,1087,48,9,4,0,0,19,1708,4
7,315,7173,4,1170,102,12,4,0,0,4,1682,4
7,315,1421,3,1253,210,11,4,0,0,17,1690,4
7,315,102,4,1314,225,8,5,0,0,3,1713,4
7,315,1666,2,1242,44,7,4,-1,0,26,1703,7
7,314,1891,3,1171,43,6,2,0,0,28,1658,7
7,314,1451,3,1082,43,7,5,0,0,17,1641,7
7,314,1428,4,1018,56,10,4,0,0,14,1608,7
7,314,722,4,954,113,11,5,0,0,1,1601,7
7,314,1098,4,870,262,10,5,0,0,3,1607,7
7,314,1255,3,810,247,11,5,0,0,11,1609,7
7,314,707,3,757,240,10,5,1,0,17,1629,7
7,314,178,3,697,163,9,5,0,0,7,1651,7
7,314,1923,3,657,122,9,5,0,0,12,1636,7
7,314,2016,3,618,248,9,5,0,0,12,1645,6
7,313,1314,3,582,241,9,5,0,0,14,1671,6
7,313,162,3,570,234,9,5,0,0,14,1708,6
7,313,443,3,553,88,9,5,0,0,23,1701,6
7,313,2194,2,483,82,13,4,0,0,19,1642,6
7,313,2068,3,432,80,13,4,0,0,14,1614,6
7,313,980,4,390,112,12,5,0,0,11,1596,6
7,313,1350,3,349,232,11,5,0,0,17,1606,6
7,313,35,4,308,248,10,5,-1,0,14,1632,6
7,313,658,3,256,55,15,4,0,0,14,1620,6
7,312,1408,3,150,73,13,4,1,0,18,1571,6
7,312,2303,5,60,225,11,5,0,0,6,1570,6
7,312,2744,5,0,244,10,5,0,0,3,1576,6
7,312,5268,5,120,266,12,5,0,0,4,1580,6
7,312,513,3,201,246,12,4,0,0,15,1592,5
7,312,206,3,284,149,12,5,0,0,8,1600,5
7,312,1274,4,400,149,10,5,0,0,2,1585,5
7,312,1433,4,488,296,14,4,0,0,14,1599,5
7,312,903,3,577,292,12,4,0,0,11,1621,5
7,312,574,3,695,311,13,4,0,0,10,1650,5
7,311,338,3,785,139,11,5,0,0,9,1653,5
7,311,1246,3,874,155,10,5,0,0,9,1644,5
7,311,1733,5,994,225,11,5,0,0,2,1639,5
7,311,10144,4,1083,225,12,5,0,0,5,1650,5
7,311,2837,4,1173,228,11,4,0,0,17,1661,5
7,311,1962,3,1293,232,12,4,0,0,25,1698,5
7,311,1112,3,1382,195,11,5,0,0,17,1718,5
7,311,2648,3,1472,223,11,5,0,0,27,1727,5
7,311,2755,3,1592,237,8,5,0,0,26,1771,5
7,311,1667,2,1682,253,10,4,1,-1,35,1803,5
7,310,106,4,1772,196,10,5,0,0,12,1841,5
7,310,958,2,1892,91,9,5,-3,0,38,1817,5
7,310,2078,3,1982,105,6,5,0,0,24,1747,5
7,310,3025,3,2047,117,6,5,0,0,26,1706,5
9,310,1972,3,2125,117,7,5,0,0,13,1667,5
9,310,235,5,2185,195,8,5,0,0,16,1658,5
7,310,122,4,2248,104,9,5,0,0,1,1664,5
7,310,2076,4,2333,127,7,2,0,0,7,1654,5
9,310,629,5,2397,148,6,5,0,0,5,1647,5
9,310,312,5,2460,153,11,5,0,0,3,1644,5
9,309,2754,4,2545,230,6,2,-1,0,15,1661,5
9,309,7068,4,2609,189,10,5,0,0,11,1658,5
9,309,1443,4,2672,193,10,5,0,0,10,1665,5
9,309,793,3,2757,193,11,4,0,0,15,1684,5
7,309,2741,4,2822,239,8,5,0,-1,12,1684,5
7,309,1089,3,2887,218,10,5,0,0,12,1712,5
7,309,680,3,2977,199,9,5,0,0,12,1725,5
7,309,1051,3,2977,166,8,5,0,0,16,1721,5
7,309,771,3,2919,159,9,5,0,0,17,1717,5
7,308,424,4,2844,329,13,4,0,0,4,1702,5
7,316,705,3,530,234,9,5,0,0,11,1700,4
7,316,888,4,600,158,10,5,0,0,12,1702,4
7,316,2189,4,674,239,11,5,0,0,12,1706,4
7,315,516,3,778,202,10,5,0,0,12,1735,4
7,315,420,3,859,223,11,5,0,0,13,1748,4
7,315,186,3,941,54,12,4,0,0,17,1748,4
7,315,849,3,1053,45,12,4,0,0,17,1719,4
7,315,1496,4,1138,45,11,4,0,0,16,1690,4
7,315,595,4,1224,167,12,4,0,0,6,1677,4
7,315,1121,3,1339,214,9,5,0,0,23,1699,4
7,314,32,5,1298,113,8,5,0,0,1,1711,4
7,314,594,3,1231,43,7,4,-1,0,32,1693,7
7,314,2150,3,1145,33,7,4,0,0,17,1650,7
7,314,2109,3,1082,46,8,4,0,0,21,1628,7
7,314,984,3,1018,51,7,5,0,0,11,1610,7
7,314,1868,4,937,124,9,5,0,0,5,1601,7
7,314,1356,4,882,237,13,5,0,0,9,1599,7
7,314,1039,3,833,212,10,5,0,0,11,1610,7
7,314,708,3,778,183,9,5,0,0,15,1633,7
7,314,3282,4,737,299,13,4,1,0,3,1622,7
7,313,1038,2,702,330,11,4,0,0,16,1651,7
7,313,1419,3,670,189,9,5,0,0,21,1653,6
7,313,1862,2,660,210,8,5,0,0,32,1675,6
7,313,783,2,624,186,9,5,0,0,12,1695,6
7,313,1563,2,558,63,13,4,0,0,31,1654,6
7,313,2866,3,510,68,14,4,0,-1,17,1612,6
7,313,1496,3,474,89,12,4,1,0,16,1591,6
7,313,1646,4,429,202,11,5,0,0,13,1587,6
7,313,1900,3,371,220,11,5,1,-1,21,1597,6
7,313,739,3,284,214,10,5,0,0,15,1620,6
7,312,657,2,174,71,13,4,0,0,31,1602,6
7,312,2492,4,90,70,11,5,0,0,7,1559,6
7,312,373,4,0,210,14,4,0,0,6,1570,6
7,312,1133,4,90,206,11,5,0,0,8,1575,6
7,312,511,4,180,196,9,5,0,0,11,1578,5
7,312,444,4,270,150,9,5,0,0,4,1576,5
7,312,2385,4,390,245,12,4,0,0,2,1583,5
7,312,772,3,480,306,5,4,0,0,19,1620,5
7,312,338,3,570,296,11,4,0,0,14,1638,5
7,312,423,3,690,160,10,5,0,0,18,1644,5
7,311,1321,3,780,147,9,5,0,0,19,1631,5
7,311,4602,4,870,237,12,5,0,0,4,1622,5
7,311,14376,4,990,221,10,5,0,0,11,1633,5
7,311,385,4,1080,225,11,4,0,0,8,1645,5
7,311,335,4,1170,171,11,5,0,0,9,1648,5
7,311,2348,3,1290,229,12,4,1,0,25,1660,5
7,311,10148,4,1380,220,11,5,0,0,15,1685,5
7,311,8995,4,1470,278,12,4,0,0,15,1705,5
7,311,2711,3,1590,232,8,5,0,0,20,1754,5
7,311,453,2,1680,223,8,4,0,1,22,1820,5
7,310,2318,3,1770,175,11,5,0,0,31,1808,5
7,310,2345,2,1866,141,8,5,1,0,34,1775,5
7,310,2723,2,1920,123,7,5,0,0,32,1724,5
7,310,3732,3,1978,127,6,5,0,0,24,1679,5
9,310,3338,3,2058,165,7,5,0,0,7,1655,5
9,310,4770,4,2121,174,9,5,0,0,7,1645,5
7,310,324,4,2185,212,9,5,0,0,8,1647,5
7,310,51,5,2269,100,9,5,0,0,7,1652,5
9,310,11753,4,2333,145,7,5,0,0,8,1634,5
9,309,1597,4,2397,188,10,5,0,0,7,1633,5
9,309,423,4,2482,197,7,5,0,0,12,1644,5
9,309,2675,4,2545,177,8,5,0,0,5,1643,5
9,309,2692,4,2609,212,10,5,0,0,11,1650,5
9,309,2757,4,2694,225,10,4,0,0,10,1665,5
7,309,713,3,2760,242,9,4,0,0,15,1680,5
7,309,830,4,2827,203,12,4,0,0,7,1697,5
7,309,175,3,2906,160,10,4,0,0,14,1706,5
7,309,1924,4,2895,172,9,5,0,0,15,1694,5
7,309,1733,4,2850,203,8,5,0,0,8,1695,5
7,309,2773,4,2773,323,9,4,0,0,4,1706,5
7,308,163,4,2718,246,10,5,0,0,5,1715,5
7,316,126,5,361,188,10,5,0,0,4,1680,4
7,316,2626,4,457,258,8,5,0,0,8,1682,4
7,316,135,4,536,258,10,5,0,0,4,1691,4
7,315,263,4,618,227,9,5,0,0,9,1702,4
7,315,2262,4,730,228,10,5,0,0,10,1712,4
7,315,1106,3,816,220,11,5,0,0,12,1721,4
7,315,1323,3,902,240,13,4,0,0,17,1740,4
7,315,96,3,1018,51,12,4,0,0,12,1748,4
7,315,1824,3,1106,70,12,4,1,0,26,1711,4
7,315,1518,3,1194,59,10,5,0,0,14,1691,4
7,314,1582,4,1312,192,11,4,0,0,7,1669,4
7,314,1362,3,1379,207,9,5,0,0,18,1682,4
7,314,875,3,1315,222,8,5,0,0,20,1702,4
7,314,477,3,1230,33,10,4,0,0,24,1699,7
7,314,1793,2,1166,50,6,2,-1,0,32,1670,7
7,314,2526,3,1106,37,7,5,0,0,16,1624,7
7,314,548,3,1032,69,8,5,0,0,17,1616,7
7,314,1786,4,982,141,10,5,0,0,5,1590,7
7,314,801,4,939,183,9,5,0,0,8,1588,7
7,314,2115,4,885,236,10,4,0,0,13,1605,7
7,313,709,3,846,231,10,5,0,0,19,1629,7
7,313,874,2,816,210,11,5,0,0,22,1650,7
7,313,365,3,789,97,9,5,0,0,20,1636,7
7,313,5387,3,774,189,9,5,0,0,19,1617,7
7,313,3285,3,725,227,8,5,0,0,30,1648,6
7,313,850,3,658,183,9,5,0,1,20,1668,6
7,313,1144,2,618,74,10,5,0,0,27,1644,6
7,313,1532,3,589,70,11,4,0,0,21,1604,6
7,313,2194,4,494,110,11,5,0,0,4,1574,6
7,313,1279,4,408,201,11,5,0,0,15,1574,6
7,312,2237,3,323,232,10,5,0,0,19,1586,6
7,312,435,3,210,215,13,4,-1,0,2,1609,6
7,312,967,2,120,48,11,4,0,0,26,1588,6
7,312,580,3,30,117,7,5,0,0,5,1560,6
7,312,1245,4,90,276,12,4,0,0,6,1561,6
7,312,126,4,180,276,11,5,0,0,6,1577,6
7,312,1231,3,270,282,14,4,0,0,23,1597,5
7,312,429,2,390,343,11,4,-1,0,11,1628,5
7,312,705,3,480,147,11,5,0,0,13,1617,5
7,312,703,3,570,188,11,4,0,0,11,1617,5
7,311,1587,3,690,170,9,5,0,0,18,1610,5
7,311,11213,4,780,201,10,5,0,0,9,1605,5
7,311,254,4,870,175,13,4,0,0,5,1614,5
7,311,2328,4,990,230,7,5,0,0,13,1621,5
7,311,1708,4,1080,197,10,5,0,0,15,1622,5
7,311,4301,4,1170,202,11,5,0,0,9,1628,5
7,311,4907,4,1290,226,12,5,0,0,11,1641,5
7,311,2291,3,1380,223,11,4,0,0,22,1665,5
7,311,2502,3,1470,223,10,4,0,0,22,1691,5
7,311,1953,2,1590,200,10,5,0,0,27,1719,5
7,310,4897,3,1647,190,9,5,2,-1,29,1717,5
7,310,1800,3,1698,141,10,5,0,1,13,1739,5
7,310,4803,3,1771,169,7,5,1,0,29,1709,5
9,310,2351,2,1828,123,7,5,1,0,32,1682,5
9,310,2481,3,1889,129,7,5,0,0,18,1656,5
7,310,2234,3,1972,146,7,5,0,0,13,1630,5
7,310,4596,4,2036,236,9,5,0,0,5,1626,5
7,310,81,5,2100,232,8,5,0,0,9,1632,5
7,310,188,4,2185,115,11,5,0,0,5,1642,5
7,310,1292,4,2248,96,7,5,0,0,13,1628,5
7,309,6425,5,2312,203,8,4,0,0,6,1618,5
7,309,2986,5,2397,216,10,5,0,0,9,1624,5
7,309,4119,5,2460,189,10,5,0,0,7,1631,5
7,309,2957,5,2525,213,12,5,0,0,6,1635,5
7,309,2706,4,2613,214,9,5,0,0,11,1647,5
7,309,3090,4,2681,211,9,5,0,0,11,1658,5
7,309,1712,3,2750,220,8,5,0,0,17,1679,5
7,309,283,4,2787,136,7,5,0,0,10,1681,5
7,309,525,3,2776,263,10,5,0,0,17,1692,5
7,309,287,3,2760,271,10,4,0,0,14,1709,5
7,308,79,4,2681,38,8,5,0,0,6,1728,5
7,308,641,4,2623,8,13,4,0,0,11,1722,5
7,308,153,4,2568,347,12,4,0,0,6,1728,5
7,316,30,6,234,180,10,5,0,0,4,1675,4
7,316,362,5,308,248,11,5,0,0,2,1673,4
7,316,212,5,417,288,9,5,0,0,5,1683,4
7,316,667,4,502,183,10,5,0,0,3,1679,4
7,315,1134,4,589,207,10,5,0,0,13,1687,4
7,315,2035,4,706,241,12,4,0,0,11,1697,4
7,315,630,3,794,205,9,5,0,0,11,1713,4
7,315,962,3,882,243,13,4,0,0,17,1730,4
7,315,260,3,1001,254,13,4,0,0,3,1745,4
7,315,2915,3,1090,51,12,4,-1,0,27,1738,4
7,315,1796,3,1179,23,10,4,0,0,17,1708,4
7,314,1625,3,1298,58,10,5,0,1,24,1684,4
7,314,2130,3,1388,140,10,4,0,0,6,1656,4
7,314,1643,3,1379,225,11,5,0,0,20,1669,4
7,314,371,3,1294,212,9,5,-1,0,20,1705,4
7,314,1224,2,1233,51,8,5,0,0,22,1698,7
7,314,2237,2,1176,34,7,2,0,-1,22,1650,7
7,314,1056,3,1106,58,8,5,0,0,22,1629,7
7,314,1206,3,1060,56,8,5,0,0,13,1603,7
7,314,393,4,1020,84,9,5,0,0,4,1586,7
7,314,852,4,966,206,10,5,0,0,10,1596,7
7,313,851,3,930,205,9,5,0,0,16,1607,7
7,313,1436,3,902,204,10,5,0,0,20,1614,7
7,313,588,3,878,178,9,5,0,0,11,1626,7
7,313,14241,4,849,82,10,5,2,-1,20,1599,7
7,313,1816,3,798,201,9,5,0,0,24,1599,7
7,313,3045,3,737,209,10,5,1,0,28,1622,6
7,313,299,2,702,165,10,4,0,1,16,1648,6
7,313,1179,3,630,53,11,4,0,0,24,1621,6
7,313,1325,3,510,72,12,4,0,0,9,1579,6
7,313,101,5,420,135,10,5,0,0,4,1566,6
7,312,3705,4,330,249,9,5,0,0,13,1566,6
7,312,590,3,210,247,10,4,0,0,6,1600,6
7,312,448,3,120,131,12,5,0,0,17,1588,6
7,312,972,3,30,83,12,5,0,0,13,1562,6
7,312,1194,4,90,255,11,4,0,0,11,1557,6
7,312,1825,3,180,309,13,4,0,0,17,1575,6
7,312,1859,3,270,270,11,4,-1,0,15,1610,6
7,312,280,3,390,140,11,5,0,0,10,1613,5
7,312,1467,4,480,239,12,5,0,0,2,1607,5
7,312,81,4,570,143,11,5,0,0,9,1608,5
7,311,2148,4,690,195,8,5,0,0,6,1587,5
7,311,455,5,780,267,11,5,0,0,5,1598,5
7,311,981,4,870,172,10,5,0,0,5,1601,5
7,311,557,4,990,163,6,5,0,0,14,1601,5
7,311,13285,4,1080,263,12,4,0,0,13,1601,5
7,311,14306,4,1170,266,11,4,0,0,3,1617,5
7,311,4934,4,1290,213,11,5,0,0,10,1630,5
7,311,2984,3,1380,226,11,5,0,0,17,1642,5
7,311,1695,3,1462,216,10,5,0,0,17,1663,5
7,310,2380,3,1523,245,10,4,0,0,17,1695,5
7,310,8150,3,1572,236,9,4,0,1,14,1710,5
7,310,382,2,1626,144,11,4,1,0,23,1714,5
7,310,6361,3,1701,154,10,5,0,0,29,1666,5
9,310,3647,2,1761,141,7,5,1,0,31,1638,5
9,310,2901,3,1824,173,7,5,0,0,11,1632,5
7,310,2116,4,1909,121,10,5,0,0,7,1619,5
7,310,244,5,1972,287,8,5,0,0,7,1629,5
7,310,583,4,2036,237,10,5,0,0,7,1626,5
7,310,370,4,2121,172,10,5,0,0,13,1631,5
7,309,543,4,2185,135,10,5,0,0,10,1621,5
7,309,71,5,2248,180,6,5,0,0,3,1615,5
7,309,1124,5,2333,336,9,4,0,0,9,1619,5
7,309,17631,5,2397,338,7,4,1,0,9,1621,5
7,309,10398,5,2464,351,7,4,0,0,11,1631,5
7,309,12589,5,2554,331,8,5,0,0,8,1644,5
7,309,3325,4,2623,294,10,5,0,0,5,1649,5
7,309,1235,4,2694,228,7,5,0,0,12,1659,5
7,309,265,4,2698,175,9,5,0,0,5,1670,5
7,309,1093,3,2686,252,9,4,0,0,18,1684,5
7,309,1055,3,2678,232,10,5,0,0,17,1700,5
7,308,569,3,2613,243,8,4,-1,0,14,1735,5
7,308,139,4,2554,121,12,4,0,0,5,1733,5
7,308,26,5,2497,220,11,5,0,0,8,1729,5
7,308,82,5,2424,260,10,5,0,0,2,1738,5
6,342,2205,2,2133,230,12,4,0,0,28,1908,9
6,342,3787,2,2140,228,9,4,0,0,41,1958,9
9,342,842,2,2121,143,9,5,-1,0,24,1983,9
9,342,1174,2,2057,161,10,5,0,0,33,1960,9
9,342,1494,2,1995,161,10,5,1,0,29,1941,9
9,342,1744,2,1916,208,10,4,-2,3,36,1967,9
7,342,1903,2,1860,144,10,4,0,0,35,1938,9
7,342,1604,2,1806,149,9,5,0,0,29,1908,9
7,342,1496,2,1739,195,9,5,0,-1,26,1884,9
7,342,1434,2,1693,128,9,5,-1,1,38,1883,9
7,342,1086,2,1650,164,12,4,0,0,15,1838,9
7,342,1260,2,1599,206,10,4,1,0,31,1821,9
9,342,465,3,1566,213,11,4,0,0,19,1853,9
9,342,663,2,1537,153,11,4,0,-1,39,1839,9
7,342,1453,2,1506,190,10,4,0,0,37,1848,9
7,342,960,2,1489,204,11,5,0,0,28,1876,9
9,342,967,2,1477,232,11,4,0,0,19,1897,9
7,316,67,5,108,164,9,5,0,0,2,1674,4
7,316,722,5,189,119,11,5,0,0,2,1668,4
7,316,1200,5,276,242,11,5,0,0,8,1670,4
7,316,144,4,394,208,9,5,0,0,3,1686,4
7,315,1725,5,483,103,8,5,0,0,7,1675,4
7,315,2116,5,573,246,10,5,0,0,4,1678,4
7,315,8134,4,692,268,10,5,0,0,6,1690,4
7,315,1814,4,782,231,10,5,0,0,3,1698,4
7,315,1805,4,872,250,9,5,1,0,20,1706,4
7,315,1158,3,991,244,12,4,0,0,17,1744,4
7,315,100,3,1081,112,11,4,0,1,6,1754,4
7,315,495,3,1171,64,10,5,0,0,19,1727,4
7,314,1840,3,1291,70,10,4,0,-1,24,1686,4
7,314,1371,3,1381,60,9,4,0,0,11,1660,4
7,314,1988,4,1442,206,9,5,0,0,5,1650,4
7,314,1719,3,1360,220,11,5,0,0,20,1668,4
7,314,743,2,1302,205,8,5,0,0,23,1691,4
7,314,396,2,1248,68,9,5,0,0,17,1679,7
7,314,225,2,1183,87,7,5,0,0,24,1647,7
7,314,1259,3,1140,97,7,5,0,0,19,1608,7
7,314,633,4,1100,81,9,5,0,0,9,1588,7
7,313,388,5,1047,180,12,5,0,0,7,1583,7
7,313,1435,4,1015,196,13,5,0,0,11,1585,7
7,313,2003,3,989,206,10,5,0,0,16,1591,7
7,313,1234,3,967,196,11,5,0,0,17,1600,7
7,313,222,3,924,121,9,5,0,1,10,1613,7
7,313,501,4,874,73,9,5,0,0,9,1590,7
7,313,4078,4,810,215,9,5,0,0,20,1587,7
7,313,1317,2,720,224,10,4,0,0,28,1616,6
7,313,312,3,630,127,9,4,0,0,5,1633,6
7,313,1364,3,510,68,11,4,0,0,19,1588,6
7,312,882,3,420,87,11,5,0,0,9,1566,6
7,312,1667,4,330,227,9,5,0,0,7,1560,6
7,312,627,3,210,197,10,5,0,0,19,1581,6
7,312,710,3,120,125,10,5,0,0,15,1572,6
7,312,1360,3,30,139,10,5,0,0,11,1555,6
7,312,620,4,90,284,13,4,0,0,18,1561,6
7,312,436,3,180,260,11,4,0,0,11,1588,1
7,312,496,4,270,231,12,5,0,0,8,1599,1
7,312,384,3,390,133,11,5,0,0,11,1598,1
7,312,1426,4,480,252,13,4,1,0,13,1593,5
7,311,127,3,570,95,11,5,0,0,13,1597,5
7,311,8579,5,690,260,9,5,0,0,11,1584,5
7,311,97,5,780,218,12,5,0,0,3,1596,5
7,311,317,4,870,147,11,5,0,0,4,1592,5
7,311,18999,5,990,227,9,5,0,0,8,1590,5
7,311,194,4,1080,222,11,5,0,0,8,1607,5
7,311,1057,4,1170,189,13,5,0,0,6,1612,5
7,311,2921,4,1290,196,12,5,0,0,11,1613,5
7,311,1941,3,1341,210,12,5,0,0,12,1624,5
7,311,5369,3,1384,226,11,5,0,0,20,1638,5
7,310,2508,3,1447,211,11,5,0,0,21,1678,5
7,310,851,3,1500,220,11,4,0,0,18,1690,5
7,310,821,2,1555,140,11,5,0,0,30,1686,5
7,310,1953,3,1634,133,10,5,0,0,23,1638,5
7,310,6239,3,1697,143,8,5,0,0,23,1618,5
7,310,9822,4,1760,199,6,5,0,0,20,1603,5
7,310,6182,4,1845,180,11,5,0,0,10,1606,5
7,310,436,2,1909,190,10,5,0,1,18,1618,5
7,310,2777,4,1972,174,8,5,0,0,15,1606,5
7,310,2578,4,2057,199,9,5,0,0,9,1607,5
7,309,1293,4,2121,198,8,5,0,0,1,1607,5
7,309,12933,4,2185,334,11,4,0,0,15,1618,5
7,309,1281,4,2270,326,9,5,0,0,9,1640,5
7,309,3908,4,2336,350,7,5,0,0,11,1641,5
7,309,883,4,2404,331,6,5,0,0,5,1652,5
7,309,4446,4,2497,304,6,5,0,0,7,1651,5
7,309,845,4,2568,341,11,5,0,0,11,1660,5
7,309,3092,4,2629,344,7,5,0,0,10,1659,5
7,309,2628,5,2609,285,8,5,0,0,10,1668,5
7,309,731,4,2597,286,7,5,0,0,9,1679,5
7,308,7859,5,2588,279,7,5,0,0,7,1688,5
7,308,818,4,2546,216,8,5,0,0,13,1709,5
7,308,9401,4,2486,206,10,4,0,0,5,1714,5
7,308,2559,4,2427,310,12,4,0,0,8,1722,5
7,308,1462,4,2352,318,13,4,0,0,5,1740,5
7,308,1156,3,2298,306,12,5,0,0,6,1748,5
6,342,9067,3,2013,294,13,4,0,-1,39,1885,9
6,342,2903,3,2020,278,10,4,0,-1,20,1930,9
9,342,22,5,2036,100,11,4,0,0,18,1955,9
9,342,7615,3,1973,89,12,4,2,-1,25,1905,9
9,342,3835,3,1909,141,9,5,-2,0,35,1884,9
9,342,6688,3,1826,210,10,4,-2,0,33,1891,9
7,342,569,3,1766,152,11,4,0,0,12,1892,9
7,342,868,3,1710,92,10,4,-3,0,31,1877,9
7,342,7545,3,1639,172,10,5,0,0,26,1817,9
7,342,669,2,1590,157,12,4,-1,2,24,1823,9
7,342,3326,3,1544,152,10,5,0,1,26,1801,9
7,342,2920,3,1489,140,12,4,0,0,25,1772,9
9,342,3181,2,1453,198,12,4,0,0,31,1756,9
9,342,6198,2,1423,185,10,4,-1,0,28,1753,9
7,342,10953,3,1389,226,10,5,0,0,18,1784,9
7,342,3327,3,1371,239,10,4,0,0,17,1812,9
7,342,8064,3,1358,235,11,4,-1,0,31,1849,9
9,342,3657,3,1350,263,10,4,0,0,23,1906,9
7,342,1108,2,1351,259,13,4,-1,0,29,1948,9
7,342,883,3,1358,254,11,4,0,0,19,1970,9
6,342,276,2,1376,119,12,4,0,0,13,1991,9
6,342,337,3,1397,117,10,5,0,0,9,1971,9
7,316,346,4,90,178,9,5,0,0,8,1665,4
7,316,260,5,180,239,13,5,0,0,4,1666,4
7,316,183,5,270,263,9,5,0,0,4,1672,4
7,315,531,4,390,175,10,5,0,0,6,1669,4
7,315,249,5,480,240,10,5,0,0,7,1673,4
7,315,237,4,570,271,9,4,0,0,9,1685,4
7,315,332,4,690,202,9,5,0,0,8,1697,4
7,315,308,3,780,295,10,4,0,0,13,1713,4
7,315,286,3,870,327,11,4,0,0,8,1718,4
7,315,135,4,990,185,9,5,0,0,9,1721,4
7,315,1340,3,1080,144,9,5,0,0,15,1711,4
7,315,2685,3,1170,185,10,5,0,0,19,1699,4
7,314,352,3,1290,119,12,5,0,0,7,1694,4
7,314,1698,3,1380,12,14,4,0,0,13,1670,4
7,314,708,3,1470,30,10,4,0,0,20,1670,4
7,314,7923,4,1452,144,10,5,0,0,2,1639,4
7,314,1468,3,1398,197,11,5,0,0,16,1645,4
7,314,727,2,1348,165,9,5,0,0,17,1653,4
7,314,1144,3,1288,117,7,5,0,0,27,1627,7
7,314,29622,5,1247,20,8,5,0,-1,12,1598,7
7,314,1318,3,1207,351,8,4,0,0,23,1610,7
7,313,1636,3,1158,26,9,4,0,0,22,1601,7
7,313,1313,3,1129,32,10,5,0,0,9,1585,7
7,313,688,4,1106,98,10,5,0,0,6,1577,7
7,313,1135,4,1074,208,11,5,0,0,8,1575,7
7,313,1098,3,1020,200,9,5,0,0,16,1578,7
7,313,320,3,930,145,9,5,0,0,9,1585,7
7,313,325,4,810,126,11,5,0,0,9,1573,7
7,313,2134,3,720,213,10,4,0,0,17,1574,7
7,313,1139,2,630,207,10,4,0,0,27,1600,6
7,313,180,3,510,76,8,5,0,0,18,1598,6
7,312,1648,3,420,88,9,5,0,0,15,1567,6
7,312,1345,4,330,161,8,5,0,0,4,1554,6
7,312,869,4,210,178,8,5,0,0,6,1547,6
7,312,100,4,120,161,14,5,0,0,3,1550,6
7,312,198,4,30,147,9,5,0,0,3,1545,6
7,312,1524,4,90,257,14,5,0,0,21,1563,1
7,312,1172,4,180,194,10,5,0,0,7,1573,1
7,312,848,3,270,231,11,4,0,0,18,1584,1
7,312,202,3,390,135,10,5,0,0,9,1591,1
7,311,3314,4,480,253,13,4,0,0,11,1581,1
7,311,34,5,570,83,11,5,0,0,11,1592,1
7,311,918,4,690,245,8,5,0,0,7,1577,5
7,311,324,4,780,186,12,5,0,0,5,1585,5
7,311,543,4,870,198,11,5,0,0,4,1587,5
7,311,258,5,990,0,10,5,0,0,0,1579,5
7,311,533,4,1080,257,11,5,0,0,6,1593,5
7,311,425,4,1142,194,12,5,0,0,9,1599,5
7,311,8294,4,1194,196,11,5,0,0,10,1597,5
7,311,2427,3,1235,196,11,5,0,0,12,1603,5
7,310,3962,4,1281,196,11,5,0,0,13,1600,5
7,310,3166,3,1350,231,11,4,0,0,26,1634,5
7,310,901,3,1405,140,10,5,0,0,22,1651,5
7,310,3658,3,1465,153,11,5,0,0,30,1621,5
7,310,5247,3,1548,167,12,5,0,0,25,1590,5
7,310,2377,4,1612,141,13,5,0,0,12,1579,5
7,310,10106,4,1675,316,13,4,0,0,11,1577,5
7,310,990,4,1760,350,8,4,1,0,5,1582,5
7,310,4229,4,1824,337,10,4,0,0,10,1592,5
7,310,2827,3,1888,312,7,4,1,0,26,1604,5
7,309,1728,3,1972,357,8,4,0,0,9,1632,5
7,309,3876,3,2036,344,8,5,0,0,15,1630,5
7,309,4200,3,2101,340,10,5,0,0,10,1642,5
7,309,2939,4,2190,318,10,5,0,0,6,1647,5
7,309,450,4,2258,315,8,5,0,0,9,1658,5
7,309,761,3,2328,356,9,4,0,0,12,1664,5
7,309,1371,4,2424,318,10,5,0,0,9,1669,5
7,309,2781,4,2497,1,6,2,0,0,12,1677,5
7,309,3487,4,2512,358,6,5,0,0,9,1675,5
7,309,648,5,2490,45,9,2,0,0,3,1672,5
7,308,2444,5,2478,267,9,5,0,0,11,1679,5
7,308,214,4,2468,244,9,5,0,0,10,1694,5
7,308,123,4,2460,234,9,5,0,0,6,1703,5
7,308,563,3,2397,254,10,5,0,0,10,1719,5
7,308,690,3,2336,284,8,5,-1,0,8,1745,5
7,308,568,2,2258,305,8,4,0,0,13,1769,5
7,308,304,3,2202,339,9,4,-1,0,14,1784,5
7,308,295,3,2148,325,10,4,0,0,16,1792,5
7,342,2730,3,1923,305,10,4,0,-1,26,1909,9
7,342,830,3,1931,266,11,4,0,0,11,1946,9
6,342,312,2,1948,142,11,4,0,0,21,1940,9
6,342,1041,3,1913,119,11,4,-2,2,26,1925,9
7,342,1988,2,1846,113,12,4,4,-3,40,1844,9
7,342,8706,3,1760,247,14,4,2,-1,30,1823,9
7,342,747,3,1699,252,11,4,0,0,21,1879,9
7,342,649,3,1640,64,11,4,-2,1,25,1884,9
9,342,10077,3,1566,77,13,4,0,-1,29,1789,9
9,342,5712,2,1514,147,12,4,3,-2,21,1742,9
9,342,2798,3,1466,181,10,4,0,0,29,1754,9
9,342,5123,3,1408,128,10,5,0,0,17,1734,9
7,342,3503,3,1370,183,10,4,0,0,17,1716,9
7,342,11672,4,1337,284,12,4,0,0,18,1730,9
7,342,17105,4,1302,295,11,4,0,-1,22,1785,9
7,342,3039,3,1282,302,13,4,0,0,19,1815,9
7,342,6664,3,1268,285,13,4,0,0,24,1845,9
9,342,1675,3,1260,219,12,4,0,0,21,1884,9
6,342,1733,2,1261,230,10,4,0,0,31,1920,9
6,342,2168,3,1268,222,10,4,0,0,29,1943,9
7,342,1046,2,1288,181,11,5,0,0,20,1960,9
7,342,822,3,1310,140,10,5,0,0,16,1955,9
7,342,1855,3,1337,128,11,4,0,0,18,1931,9
9,342,753,3,1376,191,10,5,0,0,16,1923,9
9,342,303,3,1404,200,10,4,0,0,10,1927,9
9,342,546,3,1437,93,11,4,0,0,11,1917,9
9,342,2710,3,1489,88,11,4,0,0,20,1868,9
9,342,350,2,1513,157,11,4,0,0,13,1840,9
9,342,180,3,1537,175,9,5,0,0,16,1836,9
7,316,448,5,0,260,9,5,0,0,5,1659,4
7,316,584,4,120,167,8,5,0,0,6,1653,4
7,316,388,4,201,221,9,5,0,0,10,1659,4
7,316,129,4,284,178,9,5,0,0,6,1666,4
7,315,187,5,400,327,13,5,0,0,3,1669,4
7,315,2071,4,488,288,14,4,0,0,5,1668,4
7,315,291,4,577,208,10,5,0,0,8,1677,4
7,315,883,4,695,251,12,5,0,0,15,1685,4
7,315,393,3,785,201,8,5,0,0,13,1704,4
7,315,335,3,874,167,9,5,0,0,14,1706,4
7,315,1139,3,994,180,8,5,0,0,13,1694,4
7,315,895,3,1083,153,8,5,0,0,11,1694,4
7,315,2074,3,1173,136,9,5,0,0,16,1678,4
7,314,1194,3,1293,219,9,5,0,0,19,1681,4
7,314,356,3,1382,274,9,5,0,0,3,1697,4
7,314,388,3,1472,40,13,4,0,0,13,1688,4
7,314,2128,3,1524,38,10,5,0,0,21,1663,4
7,314,2379,4,1472,42,13,4,0,0,15,1639,4
7,314,4203,4,1425,79,10,4,0,0,5,1630,4
7,314,750,3,1368,101,9,5,0,0,10,1620,4
7,314,593,4,1328,298,11,4,0,0,19,1618,7
7,313,1265,2,1288,344,7,4,0,0,25,1650,7
7,313,1070,3,1243,45,8,4,0,0,28,1634,7
7,313,1425,3,1215,40,8,5,0,0,16,1602,7
7,313,1087,3,1194,58,9,5,0,0,11,1582,7
7,313,659,4,1110,9,11,5,0,0,2,1571,7
7,313,674,5,1020,8,9,5,0,0,1,1570,7
7,313,426,4,930,186,11,5,0,0,9,1572,7
7,313,358,3,810,114,10,5,0,0,14,1564,7
7,313,3922,4,720,167,13,4,0,0,4,1549,7
7,313,2114,3,630,209,11,5,0,0,17,1559,7
7,312,471,2,510,209,9,4,0,0,18,1589,6
7,312,679,3,420,83,11,5,0,0,18,1580,6
7,312,1015,3,330,72,10,5,0,0,7,1552,6
7,312,69,5,210,225,11,5,0,0,0,1547,6
7,312,190,5,120,131,11,5,0,0,5,1546,1
7,312,1566,4,30,270,9,5,0,0,4,1542,1
7,312,413,4,90,229,15,5,0,0,4,1549,1
7,312,1142,4,180,231,11,5,0,0,6,1565,1
7,312,638,3,270,220,11,5,0,0,13,1571,1
7,312,554,4,390,152,10,5,0,0,7,1573,1
7,311,551,4,480,262,13,4,0,-1,10,1574,1
7,311,157,3,570,135,11,5,0,0,10,1591,1
7,311,928,4,690,187,10,5,0,0,7,1567,1
7,311,880,4,780,213,11,5,0,0,6,1577,5
7,311,571,4,870,177,11,5,0,0,5,1578,5
